0;0;0;0;0;0;0;0;0;0;0;0;0;0;0;0;0;0;0;0;0;0;0;0;0;0;0;0;0;0;0;0;0;0;0;0;0;0;0;0;0;0;0;0;0;0;0;0;0;0;0;0;0;0;0;0;0;0;0;0;0;0;0;0;0;0;0;0;0;0;0;0;0;0;0;0;0;0;0;0;0;0;0;0;0;0;0;0;0;0;0;0;0;0;0;0;0;0;0;0;0;0;0;0;0;0;0;0;0;0;0;0;0;0;0;0;0;0;0;0;0;0;0;0;0;0;0;0;0;0;0;0;0;0;0;0;0;0;0;0;0;0;0;0;0;0;0;0;0;0;0;0;0;0;0;0;0;0;0;0;0;0;0;0;0;0;0;0;0;0;0;0;0;0;0;0;0;0;0;0;0;0;0;0;0;0;0;0;0;0;0;0;0;0;0;0;0;0;0;0;0;0;0;0;0;0;0;0;0;0;0;0;0;0;0;0;0;0;0;0;0;0;0;0;0;0;0;0;0;0;0;0;0;0;0;0;0;0;0;0;0;0;0;0;0;0;0;0;0;0;0;0;0;0;0;0
0;0;0;0;0;0;0;0;0;0;0;0;0;0;0;0;0;0;0;0;0;0;0;0;0;0;0;0;0;0;0;0;0;0;0;0;0;0;0;0;0;0;0;0;0;0;0;0;0;0;0;0;0;0;0;0;0;0;0;0;0;0;0;0;0;0;0;0;0;0;0;0;0;0;0;0;0;0;0;0;0;0;0;0;0;0;0;0;0;0;0;0;0;0;0;0;0;0;0;0;0;0;0;0;0;0;0;0;0;0;0;0;0;0;0;0;0;0;0;0;0;0;0;0;0;0;0;0;0;0;0;0;0;0;0;0;0;0;0;0;0;0;0;0;0;0;0;0;0;0;0;0;0;0;0;0;0;0;0;0;0;0;0;0;0;0;0;0;0;0;0;0;0;0;0;0;0;0;0;0;0;0;0;0;0;0;0;0;0;0;0;0;0;0;0;0;0;0;0;0;0;0;0;0;0;0;0;0;0;0;0;0;0;0;0;0;0;0;0;0;0;0;0;0;0;0;0;0;0;0;0;0;0;0;0;0;0;0;0;0;0;0;0;0;0;0;0;0;0;0;0;0;0;0;0;0
0;0;0;0;0;0;0;0;0;0;0;0;0;0;0;0;0;0;0;0;0;0;0;0;0;0;0;0;0;0;0;0;0;0;0;0;0;0;0;0;0;0;0;0;0;0;0;0;0;0;0;0;0;0;0;0;0;0;0;0;0;0;0;0;0;0;0;0;0;0;0;0;0;0;0;0;0;0;0;0;0;0;0;0;0;0;0;0;0;0;0;0;0;0;0;0;0;0;0;0;0;0;0;0;0;0;0;0;0;0;0;0;0;0;0;0;0;0;0;0;0;0;0;0;0;0;0;0;0;0;0;0;0;0;0;0;0;0;0;0;0;0;0;0;0;0;0;0;0;0;0;0;0;0;0;0;0;0;0;0;0;0;0;0;0;0;0;0;0;0;0;0;0;0;0;0;0;0;0;0;0;0;0;0;0;0;0;0;0;0;0;0;0;0;0;0;0;0;0;0;0;0;0;0;0;0;0;0;0;0;0;0;0;0;0;0;0;0;0;0;0;0;0;0;0;0;0;0;0;0;0;0;0;0;0;0;0;0;0;0;0;0;0;0;0;0;0;0;0;0;0;0;0;0;0;0
0;0;0;0;0;0;0;0;0;0;0;0;0;0;0;0;0;0;0;0;0;0;0;0;0;0;0;0;0;0;0;0;0;0;0;0;0;0;0;0;0;0;0;0;0;0;0;0;0;0;0;0;0;0;0;0;0;0;0;0;0;0;0;0;0;0;0;0;0;0;0;0;0;0;0;0;0;0;0;0;0;0;0;0;0;0;0;0;0;0;0;0;0;0;0;0;0;0;0;0;0;0;0;0;0;0;0;0;0;0;0;0;0;0;0;0;0;0;0;0;0;0;0;0;0;0;0;0;0;0;0;0;0;0;0;0;0;0;0;0;0;0;0;0;0;0;0;0;0;0;0;0;0;0;0;0;0;0;0;0;0;0;0;0;0;0;0;0;0;0;0;0;0;0;0;0;0;0;0;0;0;0;0;0;0;0;0;0;0;0;0;0;0;0;0;0;0;0;0;0;0;0;0;0;0;0;0;0;0;0;0;0;0;0;0;0;0;0;0;0;0;0;0;0;0;0;0;0;0;0;0;0;0;0;0;0;0;0;0;0;0;0;0;0;0;0;0;0;0;0;0;0;0;0;0;0
0;0;0;0;0;0;0;0;0;0;0;0;0;0;0;0;0;0;0;0;0;0;0;0;0;0;0;0;0;0;0;0;0;0;0;0;0;0;0;0;0;0;0;0;0;0;0;0;0;0;0;0;0;0;0;0;0;0;0;0;0;0;0;0;0;0;0;0;0;0;0;0;0;0;0;0;0;0;0;0;0;0;0;0;0;0;0;0;0;0;0;0;0;0;0;0;0;0;0;0;0;0;0;0;0;0;0;0;0;0;0;0;0;0;0;0;0;0;0;0;0;0;0;0;0;0;0;0;0;0;0;0;0;0;0;0;0;0;0;0;0;0;0;0;0;0;0;0;0;0;0;0;0;0;0;0;0;0;0;0;0;0;0;0;0;0;0;0;0;0;0;0;0;0;0;0;0;0;0;0;0;0;0;0;0;0;0;0;0;0;0;0;0;0;0;0;0;0;0;0;0;0;0;0;0;0;0;0;0;0;0;0;0;0;0;0;0;0;0;0;0;0;0;0;0;0;0;0;0;0;0;0;0;0;0;0;0;0;0;0;0;0;0;0;0;0;0;0;0;0;0;0;0;0;0;0
0;0;0;0;0;640;640;640;640;640;640;640;640;640;640;640;640;640;640;640;640;640;640;640;640;640;640;640;640;640;640;640;640;640;640;640;640;0;0;0;640;640;640;640;640;640;640;640;640;640;640;640;640;640;640;640;640;640;640;640;640;640;640;640;640;640;640;640;640;640;640;0;0;0;0;0;0;0;0;0;0;0;0;0;0;0;0;0;0;0;0;0;0;0;0;0;0;0;0;0;0;0;0;0;0;0;0;0;0;0;0;0;0;0;0;0;0;0;0;0;0;0;0;0;0;0;0;0;0;0;0;0;0;0;0;0;0;0;0;0;0;0;0;0;0;0;0;0;0;0;0;0;0;0;0;0;0;0;0;0;0;0;0;0;0;0;0;0;0;0;0;0;0;0;0;0;0;0;0;0;0;0;0;0;0;0;0;0;0;0;0;0;0;0;0;0;0;0;0;0;0;0;0;0;0;0;0;0;0;0;0;0;0;0;0;0;0;0;0;0;0;0;0;0;0;0;0;0;0;0;0;0;0;0;0;0;0;0;0;0;0;0;0;0;0;0;0;0;0;0;0;0;0;0;0;0
0;0;0;0;0;640;640;640;640;640;640;640;640;640;640;640;640;640;640;640;640;640;640;640;640;640;640;640;640;640;640;640;640;640;640;640;640;0;0;0;640;640;640;640;640;640;640;640;640;640;640;640;640;640;640;640;640;640;640;640;640;640;640;640;640;640;640;640;640;640;640;0;0;0;0;0;0;0;0;0;0;0;0;0;0;0;0;0;0;0;0;0;0;0;0;0;0;0;0;0;0;0;0;0;0;0;0;0;0;0;0;0;0;0;0;0;0;0;0;0;0;0;0;0;0;0;0;0;0;0;0;0;0;0;0;0;0;0;0;0;0;0;0;0;0;0;0;0;0;0;0;0;0;0;0;0;0;0;0;0;0;0;0;0;0;0;0;0;0;0;0;0;0;0;0;0;0;0;0;0;0;0;0;0;0;0;0;0;0;0;0;0;0;0;0;0;0;0;0;0;0;0;0;0;0;0;0;0;0;0;0;0;0;0;0;0;0;0;0;0;0;0;0;0;0;0;0;0;0;0;0;0;0;0;0;0;0;0;0;0;0;0;0;0;0;0;0;0;0;0;0;0;0;0;0;0
0;0;0;0;0;640;640;0;0;0;0;0;0;0;640;0;0;0;0;0;0;0;0;0;0;0;0;0;0;0;0;0;640;0;0;0;640;0;0;0;0;0;0;640;0;0;0;0;0;0;0;0;0;640;0;0;0;0;0;0;0;0;0;0;0;0;0;0;0;640;640;0;0;0;0;0;0;0;0;0;0;0;0;0;0;0;0;0;0;0;0;0;0;0;0;0;0;0;0;0;0;0;0;0;0;0;0;0;0;0;0;0;0;0;0;0;0;0;0;0;0;0;0;0;0;0;0;0;0;0;0;0;0;0;0;0;0;0;0;0;0;0;0;0;0;0;0;0;0;0;0;0;0;0;0;0;0;0;0;0;0;0;0;0;0;0;0;0;0;0;0;0;0;0;0;0;0;0;0;0;0;0;0;0;0;0;0;0;0;0;0;0;0;0;0;0;0;0;0;0;0;0;0;0;0;0;0;0;0;0;0;0;0;0;0;0;0;0;0;0;0;0;0;0;0;0;0;0;0;0;0;0;0;0;0;0;0;0;0;0;0;0;0;0;0;0;0;0;0;0;0;0;0;0;0;0
0;0;0;0;0;640;640;0;0;0;0;0;0;0;640;0;0;0;0;0;0;0;0;0;0;0;0;0;0;0;0;0;640;0;0;0;640;0;0;0;0;0;0;640;0;0;0;0;0;0;0;0;0;640;0;0;0;0;0;0;0;0;0;0;0;0;0;0;0;640;640;0;0;0;0;0;0;0;0;0;0;0;0;0;0;0;0;0;0;0;0;0;0;0;0;0;0;0;0;0;0;0;0;0;0;0;0;0;0;0;0;0;0;0;0;0;0;0;0;0;0;0;0;0;0;0;0;0;0;0;0;0;0;0;0;0;0;0;0;0;0;0;0;0;0;0;0;0;0;0;0;0;0;0;0;0;0;0;0;0;0;0;0;0;0;0;0;0;0;0;0;0;0;0;0;0;0;0;0;0;0;0;0;0;0;0;0;0;0;0;0;0;0;0;0;0;0;0;0;0;0;0;0;0;0;0;0;0;0;0;0;0;0;0;0;0;0;0;0;0;0;0;0;0;0;0;0;0;0;0;0;0;0;0;0;0;0;0;0;0;0;0;0;0;0;0;0;0;0;0;0;0;0;0;0;0
0;0;0;0;0;640;640;0;0;0;0;0;0;0;640;0;0;0;0;0;0;0;0;0;0;0;0;0;0;0;0;0;640;0;0;0;640;0;0;0;0;0;0;640;0;0;0;0;0;0;0;0;0;640;0;0;0;0;0;0;0;0;0;0;0;0;0;0;0;640;640;0;0;0;0;0;0;0;0;0;0;0;0;0;0;0;0;0;0;0;0;0;0;0;0;0;0;0;0;0;0;0;0;0;0;0;0;0;0;0;0;0;0;0;0;0;0;0;0;0;0;0;0;0;0;0;0;0;0;0;0;0;0;0;0;0;0;0;0;0;0;0;0;0;0;0;0;0;0;0;0;0;0;0;0;0;0;0;0;0;0;0;0;0;0;0;0;0;0;0;0;0;0;0;0;0;0;0;0;0;0;0;0;0;0;0;0;0;0;0;0;0;0;0;0;0;0;0;0;0;0;0;0;0;0;0;0;0;0;0;0;0;0;0;0;0;0;0;0;0;0;0;0;0;0;0;0;0;0;0;0;0;0;0;0;0;0;0;0;0;0;0;0;0;0;0;0;0;0;0;0;0;0;0;0;0
0;0;0;0;0;640;640;640;640;640;640;0;0;0;640;0;0;0;640;640;640;640;640;640;640;640;640;640;640;640;640;640;640;0;0;0;640;0;0;0;640;640;640;640;0;0;0;0;640;0;0;0;0;640;0;0;0;640;0;0;0;640;0;0;0;640;0;0;0;640;640;0;0;0;0;0;0;0;0;0;0;0;0;0;0;0;0;0;0;0;0;0;0;0;0;0;0;0;0;0;0;0;0;0;0;0;0;0;0;0;0;0;0;0;0;0;0;0;0;0;0;0;0;0;0;0;0;0;0;0;0;0;0;0;0;0;0;0;0;0;0;0;0;0;0;0;0;0;0;0;0;0;0;0;0;0;0;0;0;0;0;0;0;0;0;0;0;0;0;0;0;0;0;0;0;0;0;0;0;0;0;0;0;0;0;0;0;0;0;0;0;0;0;0;0;0;0;0;0;0;0;0;0;0;0;0;0;0;0;0;0;0;0;0;0;0;0;0;0;0;0;0;0;0;0;0;0;0;0;0;0;0;0;0;0;0;0;0;0;0;0;0;0;0;0;0;0;0;0;0;0;0;0;0;0;0
0;0;0;0;0;640;640;0;0;0;0;0;0;0;640;0;0;0;0;0;0;0;0;0;0;0;0;0;0;0;0;0;640;0;0;0;640;0;0;0;0;0;0;640;0;0;0;0;640;0;0;0;0;640;0;0;0;640;0;0;0;640;0;0;0;640;0;0;0;640;640;0;0;0;0;0;0;0;0;0;0;0;0;0;0;0;0;0;0;0;0;0;0;0;0;0;0;0;0;0;0;0;0;0;0;0;0;0;0;0;0;0;0;0;0;0;0;0;0;0;0;0;0;0;0;0;0;0;0;0;0;0;0;0;0;0;0;0;0;0;0;0;0;0;0;0;0;0;0;0;0;0;0;0;0;0;0;0;0;0;0;0;0;0;0;0;0;0;0;0;0;0;0;0;0;0;0;0;0;0;0;0;0;0;0;0;0;0;0;0;0;0;0;0;0;0;0;0;0;0;0;0;0;0;0;0;0;0;0;0;0;0;0;0;0;0;0;0;0;0;0;0;0;0;0;0;0;0;0;0;0;0;0;0;0;0;0;0;0;0;0;0;0;0;0;0;0;0;0;0;0;0;0;0;0;0
0;0;0;0;0;640;640;0;0;0;0;0;0;0;640;0;0;0;0;0;0;0;0;0;0;0;0;0;0;0;0;0;640;0;0;0;640;0;0;0;0;0;0;640;0;0;0;0;640;0;0;0;0;0;0;0;0;640;0;0;0;640;0;0;0;640;0;0;0;640;640;0;0;0;0;0;0;0;0;0;0;0;0;0;0;0;0;0;0;0;0;0;0;0;0;0;0;0;0;0;0;0;0;0;0;0;0;0;0;0;0;0;0;0;0;0;0;0;0;0;0;0;0;0;0;0;0;0;0;0;0;0;0;0;0;0;0;0;0;0;0;0;0;0;0;0;0;0;0;0;0;0;0;0;0;0;0;0;0;0;0;0;0;0;0;0;0;0;0;0;0;0;0;0;0;0;0;0;0;0;0;0;0;0;0;0;0;0;0;0;0;0;0;0;0;0;0;0;0;0;0;0;0;0;0;0;0;0;0;0;0;0;0;0;0;0;0;0;0;0;0;0;0;0;0;0;0;0;0;0;0;0;0;0;0;0;0;0;0;0;0;0;0;0;0;0;0;0;0;0;0;0;0;0;0;0
0;0;0;0;0;640;640;0;0;0;640;640;640;640;640;640;640;640;640;640;640;640;640;640;640;640;640;0;0;0;0;0;640;0;0;0;640;0;0;0;0;0;0;640;0;0;0;0;640;0;0;0;0;0;0;0;0;640;0;0;0;640;640;640;640;640;0;0;0;640;640;0;0;0;0;0;0;0;0;0;0;0;0;0;0;0;0;0;0;0;0;0;0;0;0;0;0;0;0;0;0;0;0;0;0;0;0;0;0;0;0;0;0;0;0;0;0;0;0;0;0;0;0;0;0;0;0;0;0;0;0;0;0;0;0;0;0;0;0;0;0;0;0;0;0;0;0;0;0;0;0;0;0;0;0;0;0;0;0;0;0;0;0;0;0;0;0;0;0;0;0;0;0;0;0;0;0;0;0;0;0;0;0;0;0;0;0;0;0;0;0;0;0;0;0;0;0;0;0;0;0;0;0;0;0;0;0;0;0;0;0;0;0;0;0;0;0;0;0;0;0;0;0;0;0;0;0;0;0;0;0;0;0;0;0;0;0;0;0;0;0;0;0;0;0;0;0;0;0;0;0;0;0;0;0;0
0;0;0;0;0;640;640;0;0;0;640;0;0;0;0;0;0;640;0;0;0;0;0;0;0;0;640;0;0;0;0;0;640;0;0;0;640;0;0;0;0;0;0;640;0;0;0;0;640;0;0;0;0;0;0;0;0;640;0;0;0;640;0;0;0;0;0;0;0;640;640;0;0;0;0;0;0;0;0;0;0;0;0;0;0;0;0;0;0;0;0;0;0;0;0;0;0;0;0;0;0;0;0;0;0;0;0;0;0;0;0;0;0;0;0;0;0;0;0;0;0;0;0;0;0;0;0;0;0;0;0;0;0;0;0;0;0;0;0;0;0;0;0;0;0;0;0;0;0;0;0;0;0;0;0;0;0;0;0;0;0;0;0;0;0;0;0;0;0;0;0;0;0;0;0;0;0;0;0;0;0;0;0;0;0;0;0;0;0;0;0;0;0;0;0;0;0;0;0;0;0;0;0;0;0;0;0;0;0;0;0;0;0;0;0;0;0;0;0;0;0;0;0;0;0;0;0;0;0;0;0;0;0;0;0;0;0;0;0;0;0;0;0;0;0;0;0;0;0;0;0;0;0;0;0;0
0;0;0;0;0;640;640;0;0;0;640;0;0;0;0;0;0;640;0;0;0;0;0;0;0;0;640;0;0;0;0;0;640;0;0;0;640;640;640;640;0;0;0;640;0;0;0;0;640;0;0;0;0;640;640;640;640;640;0;0;0;640;0;0;0;0;0;0;0;640;640;0;0;0;0;0;0;0;0;0;0;0;0;0;0;0;0;0;0;0;0;0;0;0;0;0;0;0;0;0;0;0;0;0;0;0;0;0;0;0;0;0;0;0;0;0;0;0;0;0;0;0;0;0;0;0;0;0;0;0;0;0;0;0;0;0;0;0;0;0;0;0;0;0;0;0;0;0;0;0;0;0;0;0;0;0;0;0;0;0;0;0;0;0;0;0;0;0;0;0;0;0;0;0;0;0;0;0;0;0;0;0;0;0;0;0;0;0;0;0;0;0;0;0;0;0;0;0;0;0;0;0;0;0;0;0;0;0;0;0;0;0;0;0;0;0;0;0;0;0;0;0;0;0;0;0;0;0;0;0;0;0;0;0;0;0;0;0;0;0;0;0;0;0;0;0;0;0;0;0;0;0;0;0;0;0
0;0;0;0;0;640;640;0;0;0;640;0;0;0;0;0;0;640;0;0;0;0;0;0;0;0;640;0;0;0;0;0;640;0;0;0;640;0;0;0;0;0;0;0;0;0;0;0;640;0;0;0;0;0;0;0;0;640;0;0;0;640;0;0;0;0;0;0;0;640;640;0;0;0;0;0;0;0;0;0;0;0;0;0;0;0;0;0;0;0;0;0;0;0;0;0;0;0;0;0;0;0;0;0;0;0;0;0;0;0;0;0;0;0;0;0;0;0;0;0;0;0;0;0;0;0;0;0;0;0;0;0;0;0;0;0;0;0;0;0;0;0;0;0;0;0;0;0;0;0;0;0;0;0;0;0;0;0;0;0;0;0;0;0;0;0;0;0;0;0;0;0;0;0;0;0;0;0;0;0;0;0;0;0;0;0;0;0;0;0;0;0;0;0;0;0;0;0;0;0;0;0;0;0;0;0;0;0;0;0;0;0;0;0;0;0;0;0;0;0;0;0;0;0;0;0;0;0;0;0;0;0;0;0;0;0;0;0;0;0;0;0;0;0;0;0;0;0;0;0;0;0;0;0;0;0
0;0;0;0;0;640;640;0;0;0;640;0;0;0;640;0;0;640;0;0;0;0;0;0;640;640;640;0;0;0;0;0;640;0;0;0;640;0;0;0;0;0;0;0;0;0;0;0;640;0;0;0;0;0;0;0;0;640;0;0;0;640;0;0;0;640;0;0;0;640;640;0;0;0;0;0;0;0;0;0;0;0;0;0;0;0;0;0;0;0;0;0;0;0;0;0;0;0;0;0;0;0;0;0;0;0;0;0;0;0;0;0;0;0;0;0;0;0;0;0;0;0;0;0;0;0;0;0;0;0;0;0;0;0;0;0;0;0;0;0;0;0;0;0;0;0;0;0;0;0;0;0;0;0;0;0;0;0;0;0;0;0;0;0;0;0;0;0;0;0;0;0;0;0;0;0;0;0;0;0;0;0;0;0;0;0;0;0;0;0;0;0;0;0;0;0;0;0;0;0;0;0;0;0;0;0;0;0;0;0;0;0;0;0;0;0;0;0;0;0;0;0;0;0;0;0;0;0;0;0;0;0;0;0;0;0;0;0;0;0;0;0;0;0;0;0;0;0;0;0;0;0;0;0;0;0
0;0;0;0;0;640;640;0;0;0;640;0;0;0;640;0;0;640;0;0;0;0;0;0;0;0;640;0;0;0;0;0;640;0;0;0;640;0;0;0;0;0;0;0;0;0;0;0;640;0;0;0;0;0;0;0;0;640;0;0;0;640;0;0;0;640;0;0;0;640;640;0;0;0;0;0;0;0;0;0;0;0;0;0;0;0;0;0;0;0;0;0;0;0;0;0;0;0;0;0;0;0;0;0;0;0;0;0;0;0;0;0;0;0;0;0;0;0;0;0;0;0;0;0;0;0;0;0;0;0;0;0;0;0;0;0;0;0;0;0;0;0;0;0;0;0;0;0;0;0;0;0;0;0;0;0;0;0;0;0;0;0;0;0;0;0;0;0;0;0;0;0;0;0;0;0;0;0;0;0;0;0;0;0;0;0;0;0;0;0;0;0;0;0;0;0;0;0;0;0;0;0;0;0;0;0;0;0;0;0;0;0;0;0;0;0;0;0;0;0;0;0;0;0;0;0;0;0;0;0;0;0;0;0;0;0;0;0;0;0;0;0;0;0;0;0;0;0;0;0;0;0;0;0;0;0
0;0;0;0;0;640;640;0;0;0;0;0;0;0;640;0;0;640;0;0;0;0;0;0;0;0;640;0;0;0;0;0;640;0;0;0;640;0;0;0;640;640;640;640;640;640;640;640;640;640;640;640;640;640;640;640;640;640;640;640;640;640;0;0;0;640;0;0;0;640;640;0;0;0;0;0;0;0;0;0;0;0;0;0;0;0;0;0;0;0;0;0;0;0;0;0;0;0;0;0;0;0;0;0;0;0;0;0;0;0;0;0;0;0;0;0;0;0;0;0;0;0;0;0;0;0;0;0;0;0;0;0;0;0;0;0;0;0;0;0;0;0;0;0;0;0;0;0;0;0;0;0;0;0;0;0;0;0;0;0;0;0;0;0;0;0;0;0;0;0;0;0;0;0;0;0;0;0;0;0;0;0;0;0;0;0;0;0;0;0;0;0;0;0;0;0;0;0;0;0;0;0;0;0;0;0;0;0;0;0;0;0;0;0;0;0;0;0;0;0;0;0;0;0;0;0;0;0;0;0;0;0;0;0;0;0;0;0;0;0;0;0;0;0;0;0;0;0;0;0;0;0;0;0;0;0
0;0;0;0;0;640;640;0;0;0;0;0;0;0;640;0;0;640;0;0;0;0;0;0;0;0;640;0;0;0;0;0;0;0;0;0;640;0;0;0;640;0;0;0;0;0;0;0;0;0;0;0;0;0;0;0;0;0;0;0;0;0;0;0;0;640;0;0;0;640;640;0;0;0;0;0;0;0;0;0;0;0;0;0;0;0;0;0;0;0;0;0;0;0;0;0;0;0;0;0;0;0;0;0;0;0;0;0;0;0;0;0;0;0;0;0;0;0;0;0;0;0;0;0;0;0;0;0;0;0;0;0;0;0;0;0;0;0;0;0;0;0;0;0;0;0;0;0;0;0;0;0;0;0;0;0;0;0;0;0;0;0;0;0;0;0;0;0;0;0;0;0;0;0;0;0;0;0;0;0;0;0;0;0;0;0;0;0;0;0;0;0;0;0;0;0;0;0;0;0;0;0;0;0;0;0;0;0;0;0;0;0;0;0;0;0;0;0;0;0;0;0;0;0;0;0;0;0;0;0;0;0;0;0;0;0;0;0;0;0;0;0;0;0;0;0;0;0;0;0;0;0;0;0;0;0
0;0;0;0;0;640;640;0;0;0;0;0;0;0;640;0;0;640;0;0;0;0;0;0;0;0;640;0;0;0;0;0;0;0;0;0;640;0;0;0;640;0;0;0;0;0;0;0;0;0;0;0;0;0;0;0;0;0;0;0;0;0;0;0;0;640;640;640;640;640;640;0;0;0;0;0;0;0;0;0;0;0;0;0;0;0;0;0;0;0;0;0;0;0;0;0;0;0;0;0;0;0;0;0;0;0;0;0;0;0;0;0;0;0;0;0;0;0;0;0;0;0;0;0;0;0;0;0;0;0;0;0;0;0;0;0;0;0;0;0;0;0;0;0;0;0;0;0;0;0;0;0;0;0;0;0;0;0;0;0;0;0;0;0;0;0;0;0;0;0;0;0;0;0;0;0;0;0;0;0;0;0;0;0;0;0;0;0;0;0;0;0;0;0;0;0;0;0;0;0;0;0;0;0;0;0;0;0;0;0;0;0;0;0;0;0;0;0;0;0;0;0;0;0;0;0;0;0;0;0;0;0;0;0;0;0;0;0;0;0;0;0;0;0;0;0;0;0;0;0;0;0;0;0;0;0
0;0;0;0;0;640;640;640;640;640;640;0;0;0;640;640;640;640;640;640;640;640;640;0;0;0;640;640;640;640;640;640;640;640;640;640;640;0;0;0;640;0;0;0;0;0;0;0;0;0;0;0;0;0;0;0;0;0;0;0;0;0;0;0;0;0;0;0;0;640;640;0;0;0;0;0;0;0;0;0;0;0;0;0;0;0;0;0;0;0;0;0;0;0;0;0;0;0;0;0;0;0;0;0;0;0;0;0;0;0;0;0;0;0;0;0;0;0;0;0;0;0;0;0;0;0;0;0;0;0;0;0;0;0;0;0;0;0;0;0;0;0;0;0;0;0;0;0;0;0;0;0;0;0;0;0;0;0;0;0;0;0;0;0;0;0;0;0;0;0;0;0;0;0;0;0;0;0;0;0;0;0;0;0;0;0;0;0;0;0;0;0;0;0;0;0;0;0;0;0;0;0;0;0;0;0;0;0;0;0;0;0;0;0;0;0;0;0;0;0;0;0;0;0;0;0;0;0;0;0;0;0;0;0;0;0;0;0;0;0;0;0;0;0;0;0;0;0;0;0;0;0;0;0;0;0
0;0;0;0;0;640;640;0;0;0;640;0;0;0;0;0;0;0;0;0;0;0;0;0;0;0;640;0;0;0;0;0;0;0;0;0;640;0;0;0;640;0;0;0;640;0;0;0;640;640;640;640;640;640;640;640;640;640;640;640;640;640;0;0;0;0;0;0;0;640;640;0;0;0;0;0;0;0;0;0;0;0;0;0;0;0;0;0;0;0;0;0;0;0;0;0;0;0;0;0;0;0;0;0;0;0;0;0;0;0;0;0;0;0;0;0;0;0;0;0;0;0;0;0;0;0;0;0;0;0;0;0;0;0;0;0;0;0;0;0;0;0;0;0;0;0;0;0;0;0;0;0;0;0;0;0;0;0;0;0;0;0;0;0;0;0;0;0;0;0;0;0;0;0;0;0;0;0;0;0;0;0;0;0;0;0;0;0;0;0;0;0;0;0;0;0;0;0;0;0;0;0;0;0;0;0;0;0;0;0;0;0;0;0;0;0;0;0;0;0;0;0;0;0;0;0;0;0;0;0;0;0;0;0;0;0;0;0;0;0;0;0;0;0;0;0;0;0;0;0;0;0;0;0;0;0
0;0;0;0;0;640;640;0;0;0;640;0;0;0;0;0;0;0;0;0;0;0;0;0;0;0;640;0;0;0;0;0;0;0;0;0;640;0;0;0;640;640;640;640;640;0;0;0;640;0;0;0;0;0;0;0;0;0;0;0;0;640;0;0;0;0;0;0;0;640;640;0;0;0;0;0;0;0;0;0;0;0;0;0;0;0;0;0;0;0;0;0;0;0;0;0;0;0;0;0;0;0;0;0;0;0;0;0;0;0;0;0;0;0;0;0;0;0;0;0;0;0;0;0;0;0;0;0;0;0;0;0;0;0;0;0;0;0;0;0;0;0;0;0;0;0;0;0;0;0;0;0;0;0;0;0;0;0;0;0;0;0;0;0;0;0;0;0;0;0;0;0;0;0;0;0;0;0;0;0;0;0;0;0;0;0;0;0;0;0;0;0;0;0;0;0;0;0;0;0;0;0;0;0;0;0;0;0;0;0;0;0;0;0;0;0;0;0;0;0;0;0;0;0;0;0;0;0;0;0;0;0;0;0;0;0;0;0;0;0;0;0;0;0;0;0;0;0;0;0;0;0;0;0;0;0
0;0;0;0;0;640;640;0;0;0;640;640;640;640;0;0;0;0;0;0;0;640;0;0;640;640;640;0;0;0;0;0;640;0;0;0;640;0;0;0;0;0;0;0;640;0;0;0;640;0;0;0;0;0;0;0;0;0;0;0;0;640;640;640;640;640;640;640;640;640;640;0;0;0;0;0;0;0;0;0;0;0;0;0;0;0;0;0;0;0;0;0;0;0;0;0;0;0;0;0;0;0;0;0;0;0;0;0;0;0;0;0;0;0;0;0;0;0;0;0;0;0;0;0;0;0;0;0;0;0;0;0;0;0;0;0;0;0;0;0;0;0;0;0;0;0;0;0;0;0;0;0;0;0;0;0;0;0;0;0;0;0;0;0;0;0;0;0;0;0;0;0;0;0;0;0;0;0;0;0;0;0;0;0;0;0;0;0;0;0;0;0;0;0;0;0;0;0;0;0;0;0;0;0;0;0;0;0;0;0;0;0;0;0;0;0;0;0;0;0;0;0;0;0;0;0;0;0;0;0;0;0;0;0;0;0;0;0;0;0;0;0;0;0;0;0;0;0;0;0;0;0;0;0;0;0
0;0;0;0;0;640;640;0;0;0;0;0;0;640;0;0;0;0;0;0;0;640;0;0;0;0;0;0;0;0;0;0;640;0;0;0;640;0;0;0;0;0;0;0;640;0;0;0;640;0;0;0;0;0;0;0;0;0;0;0;0;640;0;0;0;0;0;0;0;640;640;0;0;0;0;0;0;0;0;0;0;0;0;0;0;0;0;0;0;0;0;0;0;0;0;0;0;0;0;0;0;0;0;0;0;0;0;0;0;0;0;0;0;0;0;0;0;0;0;0;0;0;0;0;0;0;0;0;0;0;0;0;0;0;0;0;0;0;0;0;0;0;0;0;0;0;0;0;0;0;0;0;0;0;0;0;0;0;0;0;0;0;0;0;0;0;0;0;0;0;0;0;0;0;0;0;0;0;0;0;0;0;0;0;0;0;0;0;0;0;0;0;0;0;0;0;0;0;0;0;0;0;0;0;0;0;0;0;0;0;0;0;0;0;0;0;0;0;0;0;0;0;0;0;0;0;0;0;0;0;0;0;0;0;0;0;0;0;0;0;0;0;0;0;0;0;0;0;0;0;0;0;0;0;0;0
0;0;0;0;0;640;640;0;0;0;0;0;0;640;0;0;0;0;0;0;0;640;0;0;0;0;0;0;0;0;0;0;640;0;0;0;640;0;0;0;0;0;0;0;640;0;0;0;640;0;0;0;640;640;640;640;640;640;0;0;0;640;0;0;0;0;0;0;0;640;640;0;0;0;0;0;0;0;0;0;0;0;0;0;0;0;0;0;0;0;0;0;0;0;0;0;0;0;0;0;0;0;0;0;0;0;0;0;0;0;0;0;0;0;0;0;0;0;0;0;0;0;0;0;0;0;0;0;0;0;0;0;0;0;0;0;0;0;0;0;0;0;0;0;0;0;0;0;0;0;0;0;0;0;0;0;0;0;0;0;0;0;0;0;0;0;0;0;0;0;0;0;0;0;0;0;0;0;0;0;0;0;0;0;0;0;0;0;0;0;0;0;0;0;0;0;0;0;0;0;0;0;0;0;0;0;0;0;0;0;0;0;0;0;0;0;0;0;0;0;0;0;0;0;0;0;0;0;0;0;0;0;0;0;0;0;0;0;0;0;0;0;0;0;0;0;0;0;0;0;0;0;0;0;0;0
0;0;0;0;0;640;640;0;0;0;0;0;0;640;0;0;0;0;0;0;0;640;0;0;0;0;0;0;0;0;0;0;640;0;0;0;640;640;640;640;640;640;640;640;640;0;0;0;640;0;0;0;640;0;0;0;0;640;0;0;0;640;0;0;0;0;0;0;0;640;640;0;0;0;0;0;0;0;0;0;0;0;0;0;0;0;0;0;0;0;0;0;0;0;0;0;0;0;0;0;0;0;0;0;0;0;0;0;0;0;0;0;0;0;0;0;0;0;0;0;0;0;0;0;0;0;0;0;0;0;0;0;0;0;0;0;0;0;0;0;0;0;0;0;0;0;0;0;0;0;0;0;0;0;0;0;0;0;0;0;0;0;0;0;0;0;0;0;0;0;0;0;0;0;0;0;0;0;0;0;0;0;0;0;0;0;0;0;0;0;0;0;0;0;0;0;0;0;0;0;0;0;0;0;0;0;0;0;0;0;0;0;0;0;0;0;0;0;0;0;0;0;0;0;0;0;0;0;0;0;0;0;0;0;0;0;0;0;0;0;0;0;0;0;0;0;0;0;0;0;0;0;0;0;0;0
0;0;0;0;0;640;640;640;640;640;0;0;0;640;0;0;0;0;0;0;0;640;0;0;0;0;0;0;0;0;0;0;640;0;0;0;0;0;0;0;0;0;0;0;0;0;0;0;640;0;0;0;640;0;0;0;0;640;0;0;0;640;0;0;0;0;0;0;0;640;640;0;0;0;0;0;0;0;0;0;0;0;0;0;0;0;0;0;0;0;0;0;0;0;0;0;0;0;0;0;0;0;0;0;0;0;0;0;0;0;0;0;0;0;0;0;0;0;0;0;0;0;0;0;0;0;0;0;0;0;0;0;0;0;0;0;0;0;0;0;0;0;0;0;0;0;0;0;0;0;0;0;0;0;0;0;0;0;0;0;0;0;0;0;0;0;0;0;0;0;0;0;0;0;0;0;0;0;0;0;0;0;0;0;0;0;0;0;0;0;0;0;0;0;0;0;0;0;0;0;0;0;0;0;0;0;0;0;0;0;0;0;0;0;0;0;0;0;0;0;0;0;0;0;0;0;0;0;0;0;0;0;0;0;0;0;0;0;0;0;0;0;0;0;0;0;0;0;0;0;0;0;0;0;0;0
0;0;0;0;0;640;640;0;0;0;0;0;0;640;0;0;0;0;0;0;0;640;640;640;640;640;640;640;640;640;640;640;640;640;640;640;640;640;640;640;640;640;640;640;640;640;640;640;640;0;0;0;640;0;0;0;0;0;0;0;0;0;0;0;0;640;0;0;0;640;640;0;0;0;0;0;0;0;0;0;0;0;0;0;0;0;0;0;0;0;0;0;0;0;0;0;0;0;0;0;0;0;0;0;0;0;0;0;0;0;0;0;0;0;0;0;0;0;0;0;0;0;0;0;0;0;0;0;0;0;0;0;0;0;0;0;0;0;0;0;0;0;0;0;0;0;0;0;0;0;0;0;0;0;0;0;0;0;0;0;0;0;0;0;0;0;0;0;0;0;0;0;0;0;0;0;0;0;0;0;0;0;0;0;0;0;0;0;0;0;0;0;0;0;0;0;0;0;0;0;0;0;0;0;0;0;0;0;0;0;0;0;0;0;0;0;0;0;0;0;0;0;0;0;0;0;0;0;0;0;0;0;0;0;0;0;0;0;0;0;0;0;0;0;0;0;0;0;0;0;0;0;0;0;0;0
0;0;0;0;0;640;640;0;0;0;0;0;0;640;0;0;0;0;0;0;0;0;0;0;0;0;0;0;0;0;0;0;0;0;0;0;640;0;0;0;0;0;0;0;0;0;0;0;0;0;0;0;640;0;0;0;0;0;0;0;0;0;0;0;0;640;0;0;0;640;640;0;0;0;0;0;0;0;0;0;0;0;0;0;0;0;0;0;0;0;0;0;0;0;0;0;0;0;0;0;0;0;0;0;0;0;0;0;0;0;0;0;0;0;0;0;0;0;0;0;0;0;0;0;0;0;0;0;0;0;0;0;0;0;0;0;0;0;0;0;0;0;0;0;0;0;0;0;0;0;0;0;0;0;0;0;0;0;0;0;0;0;0;0;0;0;0;0;0;0;0;0;0;0;0;0;0;0;0;0;0;0;0;0;0;0;0;0;0;0;0;0;0;0;0;0;0;0;0;0;0;0;0;0;0;0;0;0;0;0;0;0;0;0;0;0;0;0;0;0;0;0;0;0;0;0;0;0;0;0;0;0;0;0;0;0;0;0;0;0;0;0;0;0;0;0;0;0;0;0;0;0;0;0;0;0
0;0;0;0;0;640;640;0;0;0;0;0;0;640;0;0;0;0;0;0;0;0;0;0;0;0;0;0;0;0;0;0;0;0;0;0;640;0;0;0;0;0;0;0;0;0;0;0;0;0;0;0;640;0;0;0;0;0;0;0;0;0;0;0;0;640;0;0;0;640;640;0;0;0;0;0;0;0;0;0;0;0;0;0;0;0;0;0;0;0;0;0;0;0;0;0;0;0;0;0;0;0;0;0;0;0;0;0;0;0;0;0;0;0;0;0;0;0;0;0;0;0;0;0;0;0;0;0;0;0;0;0;0;0;0;0;0;0;0;0;0;0;0;0;0;0;0;0;0;0;0;0;0;0;0;0;0;0;0;0;0;0;0;0;0;0;0;0;0;0;0;0;0;0;0;0;0;0;0;0;0;0;0;0;0;0;0;0;0;0;0;0;0;0;0;0;0;0;0;0;0;0;0;0;0;0;0;0;0;0;0;0;0;0;0;0;0;0;0;0;0;0;0;0;0;0;0;0;0;0;0;0;0;0;0;0;0;0;0;0;0;0;0;0;0;0;0;0;0;0;0;0;0;0;0;0
0;0;0;0;0;640;640;0;0;640;0;0;0;640;0;0;0;640;640;640;640;640;640;640;0;0;640;0;0;0;0;0;0;0;0;0;640;0;0;0;0;640;640;640;640;640;640;640;640;640;640;640;640;640;640;640;640;640;640;640;640;640;640;640;640;640;0;0;0;640;640;0;0;0;0;0;0;0;0;0;0;0;0;0;0;0;0;0;0;0;0;0;0;0;0;0;0;0;0;0;0;0;0;0;0;0;0;0;0;0;0;0;0;0;0;0;0;0;0;0;0;0;0;0;0;0;0;0;0;0;0;0;0;0;0;0;0;0;0;0;0;0;0;0;0;0;0;0;0;0;0;0;0;0;0;0;0;0;0;0;0;0;0;0;0;0;0;0;0;0;0;0;0;0;0;0;0;0;0;0;0;0;0;0;0;0;0;0;0;0;0;0;0;0;0;0;0;0;0;0;0;0;0;0;0;0;0;0;0;0;0;0;0;0;0;0;0;0;0;0;0;0;0;0;0;0;0;0;0;0;0;0;0;0;0;0;0;0;0;0;0;0;0;0;0;0;0;0;0;0;0;0;0;0;0;0
0;0;0;0;0;640;640;0;0;640;0;0;0;640;0;0;0;640;0;0;0;0;0;0;0;0;640;0;0;0;0;0;640;640;640;640;640;0;0;0;0;0;0;0;0;0;0;640;0;0;640;0;0;0;0;0;0;0;0;0;0;640;0;0;0;0;0;0;0;640;640;0;0;0;0;0;0;0;0;0;0;0;0;0;0;0;0;0;0;0;0;0;0;0;0;0;0;0;0;0;0;0;0;0;0;0;0;0;0;0;0;0;0;0;0;0;0;0;0;0;0;0;0;0;0;0;0;0;0;0;0;0;0;0;0;0;0;0;0;0;0;0;0;0;0;0;0;0;0;0;0;0;0;0;0;0;0;0;0;0;0;0;0;0;0;0;0;0;0;0;0;0;0;0;0;0;0;0;0;0;0;0;0;0;0;0;0;0;0;0;0;0;0;0;0;0;0;0;0;0;0;0;0;0;0;0;0;0;0;0;0;0;0;0;0;0;0;0;0;0;0;0;0;0;0;0;0;0;0;0;0;0;0;0;0;0;0;0;0;0;0;0;0;0;0;0;0;0;0;0;0;0;0;0;0;0
0;0;0;0;0;640;640;0;0;640;0;0;0;640;0;0;0;640;0;0;0;0;0;0;0;0;640;0;0;0;0;0;0;0;0;0;640;0;0;0;0;0;0;0;0;0;0;640;0;0;640;0;0;0;0;0;0;0;0;0;0;640;0;0;0;0;0;0;0;640;640;0;0;0;0;0;0;0;0;0;0;0;0;0;0;0;0;0;0;0;0;0;0;0;0;0;0;0;0;0;0;0;0;0;0;0;0;0;0;0;0;0;0;0;0;0;0;0;0;0;0;0;0;0;0;0;0;0;0;0;0;0;0;0;0;0;0;0;0;0;0;0;0;0;0;0;0;0;0;0;0;0;0;0;0;0;0;0;0;0;0;0;0;0;0;0;0;0;0;0;0;0;0;0;0;0;0;0;0;0;0;0;0;0;0;0;0;0;0;0;0;0;0;0;0;0;0;0;0;0;0;0;0;0;0;0;0;0;0;0;0;0;0;0;0;0;0;0;0;0;0;0;0;0;0;0;0;0;0;0;0;0;0;0;0;0;0;0;0;0;0;0;0;0;0;0;0;0;0;0;0;0;0;0;0;0
0;0;0;0;0;640;640;0;0;640;0;0;0;640;0;0;0;640;0;0;0;0;0;0;0;0;640;0;0;0;0;0;0;0;0;0;640;0;0;0;0;0;0;0;0;0;0;640;0;0;640;0;0;0;0;0;0;0;0;0;0;640;0;0;0;0;0;0;0;640;640;0;0;0;0;0;0;0;0;0;0;0;0;0;0;0;0;0;0;0;0;0;0;0;0;0;0;0;0;0;0;0;0;0;0;0;0;0;0;0;0;0;0;0;0;0;0;0;0;0;0;0;0;0;0;0;0;0;0;0;0;0;0;0;0;0;0;0;0;0;0;0;0;0;0;0;0;0;0;0;0;0;0;0;0;0;0;0;0;0;0;0;0;0;0;0;0;0;0;0;0;0;0;0;0;0;0;0;0;0;0;0;0;0;0;0;0;0;0;0;0;0;0;0;0;0;0;0;0;0;0;0;0;0;0;0;0;0;0;0;0;0;0;0;0;0;0;0;0;0;0;0;0;0;0;0;0;0;0;0;0;0;0;0;0;0;0;0;0;0;0;0;0;0;0;0;0;0;0;0;0;0;0;0;0;0
0;0;0;0;0;640;640;0;0;640;0;0;0;640;0;0;0;640;640;640;640;640;640;640;640;640;640;640;640;640;640;0;0;0;0;0;640;0;0;0;0;0;640;0;0;0;0;640;0;0;640;0;0;0;640;640;640;640;0;0;0;640;0;0;0;0;0;0;0;640;640;0;0;0;0;0;0;0;0;0;0;0;0;0;0;0;0;0;0;0;0;0;0;0;0;0;0;0;0;0;0;0;0;0;0;0;0;0;0;0;0;0;0;0;0;0;0;0;0;0;0;0;0;0;0;0;0;0;0;0;0;0;0;0;0;0;0;0;0;0;0;0;0;0;0;0;0;0;0;0;0;0;0;0;0;0;0;0;0;0;0;0;0;0;0;0;0;0;0;0;0;0;0;0;0;0;0;0;0;0;0;0;0;0;0;0;0;0;0;0;0;0;0;0;0;0;0;0;0;0;0;0;0;0;0;0;0;0;0;0;0;0;0;0;0;0;0;0;0;0;0;0;0;0;0;0;0;0;0;0;0;0;0;0;0;0;0;0;0;0;0;0;0;0;0;0;0;0;0;0;0;0;0;0;0;0
0;0;0;0;0;640;640;0;0;640;0;0;0;0;0;0;0;640;0;0;0;0;0;0;0;0;640;0;0;0;640;0;0;0;0;0;0;0;0;0;0;0;640;0;0;0;0;640;0;0;640;0;0;0;0;0;0;640;0;0;0;640;640;640;640;640;0;0;0;640;640;0;0;0;0;0;0;0;0;0;0;0;0;0;0;0;0;0;0;0;0;0;0;0;0;0;0;0;0;0;0;0;0;0;0;0;0;0;0;0;0;0;0;0;0;0;0;0;0;0;0;0;0;0;0;0;0;0;0;0;0;0;0;0;0;0;0;0;0;0;0;0;0;0;0;0;0;0;0;0;0;0;0;0;0;0;0;0;0;0;0;0;0;0;0;0;0;0;0;0;0;0;0;0;0;0;0;0;0;0;0;0;0;0;0;0;0;0;0;0;0;0;0;0;0;0;0;0;0;0;0;0;0;0;0;0;0;0;0;0;0;0;0;0;0;0;0;0;0;0;0;0;0;0;0;0;0;0;0;0;0;0;0;0;0;0;0;0;0;0;0;0;0;0;0;0;0;0;0;0;0;0;0;0;0;0
0;0;0;0;0;640;640;0;0;640;0;0;0;0;0;0;0;640;0;0;0;0;0;0;0;0;640;0;0;0;640;0;0;0;0;0;0;0;0;0;0;0;640;0;0;0;0;640;0;0;640;0;0;0;0;0;0;640;0;0;0;0;0;0;0;0;0;0;0;640;640;0;0;0;0;0;0;0;0;0;0;0;0;0;0;0;0;0;0;0;0;0;0;0;0;0;0;0;0;0;0;0;0;0;0;0;0;0;0;0;0;0;0;0;0;0;0;0;0;0;0;0;0;0;0;0;0;0;0;0;0;0;0;0;0;0;0;0;0;0;0;0;0;0;0;0;0;0;0;0;0;0;0;0;0;0;0;0;0;0;0;0;0;0;0;0;0;0;0;0;0;0;0;0;0;0;0;0;0;0;0;640;640;640;640;640;640;640;640;640;640;640;640;640;640;640;640;640;0;0;640;640;640;640;640;640;640;640;640;640;640;640;640;640;640;640;640;0;0;0;0;0;0;0;0;0;0;0;0;0;0;0;0;0;0;0;0;0;0;0;0;0;0;0;0;0;0;0;0;0;0;0;0;0;0;0
0;0;0;0;0;640;640;0;0;640;0;0;0;0;0;0;0;640;0;0;0;0;0;0;0;0;640;0;0;0;640;0;0;0;0;0;0;0;0;0;0;0;640;0;0;0;0;640;0;0;640;0;0;0;0;0;0;640;0;0;0;0;0;0;0;0;0;0;0;640;640;640;640;640;640;640;640;640;640;640;640;640;640;640;640;640;640;640;640;640;640;640;640;640;640;640;640;640;640;640;640;640;640;640;640;640;640;640;640;640;640;640;640;640;640;640;640;640;640;640;640;640;640;640;640;640;640;640;640;640;640;640;0;0;0;0;0;0;0;0;0;0;0;0;0;0;0;0;0;0;0;0;0;0;0;0;0;0;0;0;0;0;0;0;0;0;0;0;0;0;0;0;0;0;0;0;0;0;0;0;0;640;640;640;640;640;640;640;640;640;640;640;640;640;640;640;640;640;0;0;640;640;640;640;640;640;640;640;640;640;640;640;640;640;640;640;640;0;0;0;0;0;0;0;0;0;0;0;0;0;0;0;0;0;0;0;0;0;0;0;0;0;0;0;0;0;0;0;0;0;0;0;0;0;0;0
0;0;0;0;0;640;640;0;0;640;0;0;0;0;0;0;0;640;0;0;0;0;0;0;0;0;640;0;0;0;640;640;640;640;640;640;640;640;640;640;640;640;640;0;0;0;0;640;0;0;640;0;0;0;640;640;640;640;640;640;640;640;640;640;640;640;640;640;640;640;640;640;640;640;640;640;640;640;640;640;640;640;640;640;640;640;640;640;640;640;640;640;640;640;640;640;640;640;640;640;640;640;640;640;640;640;640;640;640;640;640;640;640;640;640;640;640;640;640;640;640;640;640;640;640;640;640;640;640;640;640;640;0;0;0;0;0;0;0;0;0;0;0;0;0;0;0;0;0;0;0;0;0;0;0;0;0;0;0;0;0;0;0;0;0;0;0;0;0;0;0;0;0;0;0;0;0;0;0;0;0;640;640;0;0;0;0;0;0;0;0;0;0;0;0;0;0;640;0;0;640;0;0;0;0;0;0;0;0;0;0;0;0;0;0;640;640;0;0;0;0;0;0;0;0;0;0;0;0;0;0;0;0;0;0;0;0;0;0;0;0;0;0;0;0;0;0;0;0;0;0;0;0;0;0;0
0;0;0;0;0;640;640;0;0;640;0;0;0;0;0;0;0;640;0;0;0;0;0;0;0;0;640;0;0;0;0;0;0;0;0;0;640;0;0;0;0;0;0;0;0;0;0;640;0;0;640;0;0;0;0;0;0;0;0;0;0;0;0;0;0;0;0;0;0;640;640;640;640;0;0;0;0;0;0;640;0;0;0;0;0;0;640;0;0;0;0;0;0;640;0;640;640;640;640;0;640;0;0;0;0;0;0;640;641;0;0;0;0;640;640;640;640;640;640;640;640;640;640;640;640;640;0;0;0;0;640;640;0;0;0;0;0;0;0;0;0;0;0;0;0;0;0;0;0;0;0;0;0;0;0;0;0;0;0;0;0;0;0;0;0;0;0;0;0;0;0;0;0;0;0;0;0;0;0;0;0;640;640;0;0;640;0;0;0;0;640;640;640;640;640;0;0;640;640;640;640;0;0;640;640;640;640;640;0;0;0;0;640;0;0;640;640;0;0;0;0;0;0;0;0;0;0;0;0;0;0;0;0;0;0;0;0;0;0;0;0;0;0;0;0;0;0;0;0;0;0;0;0;0;0;0
0;0;0;0;0;640;640;0;0;640;640;640;640;640;640;640;640;640;0;0;0;0;0;0;0;0;640;0;0;0;0;0;0;0;0;0;640;0;0;0;0;0;0;0;0;0;0;640;0;0;0;0;0;0;0;0;0;0;0;0;0;0;0;0;0;0;0;0;0;640;640;640;640;640;640;640;0;0;0;640;640;640;640;0;0;0;640;640;640;640;0;0;0;640;0;0;640;640;0;0;640;640;640;640;0;0;0;640;641;0;0;0;0;0;0;0;0;0;0;0;0;0;0;0;0;0;0;0;0;0;640;640;0;0;0;0;0;0;0;0;0;0;0;0;0;0;0;0;0;0;0;0;0;0;0;0;0;0;0;0;0;0;0;0;0;0;0;0;0;0;0;0;0;0;0;0;0;0;0;0;0;640;640;0;0;0;0;0;0;0;0;0;0;0;0;0;0;640;640;640;640;0;0;0;0;0;0;0;0;0;0;0;0;0;0;640;640;0;0;0;0;0;0;0;0;0;0;0;0;0;0;0;0;0;0;0;0;0;0;0;0;0;0;0;0;0;0;0;0;0;0;0;0;0;0;0
0;0;0;0;0;640;640;0;0;0;0;0;0;0;0;0;0;0;0;0;0;0;0;0;0;0;0;0;0;0;0;0;0;0;0;0;640;0;0;0;0;0;0;0;0;0;0;640;0;0;0;0;0;0;0;0;0;0;0;0;0;0;0;0;0;0;0;0;0;640;640;640;640;0;0;0;0;0;0;640;0;0;0;0;0;0;640;0;0;0;0;0;0;640;0;0;0;0;0;0;640;0;0;0;0;0;0;640;640;0;0;0;0;0;0;0;0;0;0;0;0;0;0;0;0;0;0;0;0;0;640;640;0;0;0;0;0;0;0;0;0;0;0;0;0;0;0;0;0;0;0;0;0;0;0;0;0;0;0;0;0;0;0;0;0;0;0;0;0;0;0;0;0;0;0;0;0;0;0;0;0;640;640;0;0;0;0;0;0;0;0;0;0;0;0;0;0;0;0;0;0;0;0;0;0;0;0;0;0;0;0;0;0;0;0;640;640;0;0;0;0;0;0;0;0;0;0;0;0;0;0;0;0;0;0;0;0;0;0;0;0;0;0;0;0;0;0;0;0;0;0;0;0;0;0;0
0;0;0;0;0;640;640;0;0;0;0;0;0;0;0;0;0;0;0;0;0;0;0;0;0;0;0;0;0;0;0;0;0;0;0;0;640;0;0;0;0;0;0;0;0;0;0;640;0;0;0;0;0;0;0;0;0;0;0;0;0;0;0;0;0;0;0;0;0;640;640;640;640;640;640;478;479;640;640;640;640;640;478;479;640;640;640;640;640;478;479;640;640;640;640;640;478;479;640;640;640;640;640;478;479;640;640;640;640;0;0;0;0;640;640;640;640;640;0;640;640;0;640;640;640;640;640;0;0;0;640;640;0;0;0;0;0;0;0;0;0;0;0;0;0;0;0;0;0;0;0;0;0;0;0;0;0;0;0;0;0;0;0;0;0;0;0;0;0;0;0;0;0;0;0;0;0;0;0;0;0;640;640;0;0;0;0;0;0;0;0;0;0;0;0;0;0;0;0;0;0;0;0;0;0;0;0;0;0;0;0;0;0;0;0;640;640;0;0;0;0;0;0;0;0;0;0;0;0;0;0;0;0;0;0;0;0;0;0;0;0;0;0;0;0;0;0;0;0;0;0;0;0;0;0;0
0;0;0;0;0;640;640;0;0;0;0;0;0;0;0;0;0;0;0;0;0;0;0;0;0;0;0;0;0;0;0;0;0;0;0;0;640;0;0;0;0;0;0;0;0;0;0;640;0;0;0;0;0;0;0;0;0;0;0;0;0;0;0;0;0;0;0;0;0;640;640;640;640;0;0;0;0;0;0;0;0;0;0;0;0;0;0;0;0;0;0;0;0;0;0;0;0;0;0;0;0;0;0;0;0;0;0;0;640;640;0;0;0;640;640;640;640;640;0;640;640;0;640;640;640;640;640;0;0;640;640;640;0;0;0;0;0;0;0;0;0;0;0;0;0;0;0;0;0;0;0;0;0;0;0;0;0;0;0;0;0;0;0;0;0;0;0;0;0;0;0;0;0;0;0;0;0;0;0;0;0;640;640;0;0;0;0;0;0;0;0;0;0;0;0;0;0;0;0;0;0;0;0;0;0;0;0;0;0;0;0;0;0;0;0;640;640;0;0;0;0;0;0;0;0;0;0;0;0;0;0;0;0;0;0;0;0;0;0;0;0;0;0;0;0;0;0;0;0;0;0;0;0;0;0;0
0;0;0;0;0;640;640;640;640;640;640;640;640;640;640;640;640;640;640;640;640;640;640;640;640;640;640;640;640;640;640;640;640;640;640;640;640;0;0;0;640;640;640;640;640;640;640;640;640;640;640;640;640;640;640;640;640;640;640;640;640;640;640;640;640;640;640;640;640;640;640;640;640;0;0;0;0;0;0;0;0;0;0;0;0;0;0;0;0;0;0;0;0;0;0;0;0;0;0;0;0;0;0;0;0;0;0;0;640;640;0;0;0;0;0;0;0;0;0;0;0;0;0;0;0;0;0;0;0;640;640;640;0;0;0;0;0;0;0;0;0;0;0;0;0;0;0;0;0;0;0;0;0;0;0;0;0;0;0;0;0;0;0;0;0;0;0;0;0;0;0;0;0;0;0;0;0;0;0;0;0;640;640;0;0;0;0;0;0;0;0;0;0;0;0;0;0;640;640;640;640;0;0;0;0;0;0;0;0;0;0;0;0;0;0;640;640;0;0;0;0;0;0;0;0;0;0;0;0;0;0;0;0;0;0;0;0;0;0;0;0;0;0;0;0;0;0;0;0;0;0;0;0;0;0;0
0;0;0;0;0;640;640;0;0;0;0;0;0;0;0;0;0;0;0;0;0;0;0;0;0;0;0;0;0;0;0;0;0;0;0;0;0;0;0;0;0;0;0;0;0;0;0;0;0;0;0;0;0;0;0;0;0;0;0;0;0;0;0;0;0;0;0;0;0;640;640;640;640;0;0;0;0;0;0;0;0;0;0;0;0;0;0;0;0;0;0;0;0;0;0;0;0;0;0;0;0;0;0;0;0;0;0;0;640;640;0;0;0;640;640;640;640;640;0;0;0;0;640;640;640;640;640;0;0;640;640;640;0;0;0;0;0;0;0;0;0;0;0;0;0;0;0;0;0;0;0;0;0;0;0;0;0;0;0;0;0;0;0;0;0;0;0;0;0;0;0;0;0;0;0;0;0;0;0;0;0;640;640;0;0;640;0;0;0;0;640;640;640;640;640;0;0;640;640;640;640;0;0;640;640;640;640;640;0;0;0;0;640;0;0;640;640;0;0;0;0;0;0;0;0;0;0;0;0;0;0;0;0;0;0;0;0;0;0;0;0;0;0;0;0;0;0;0;0;0;0;0;0;0;0;0
0;0;0;0;0;640;640;0;0;0;0;0;0;0;0;0;0;0;0;0;0;0;0;0;0;0;0;0;0;0;0;0;0;0;0;0;0;0;0;0;0;0;0;0;0;0;0;0;0;0;0;0;0;0;0;0;0;0;0;0;0;0;0;0;0;0;0;0;0;640;640;640;640;0;0;0;0;0;0;0;0;0;0;0;0;0;0;0;0;0;0;0;0;0;0;0;0;0;0;0;0;0;0;0;0;0;0;0;640;640;0;0;0;640;640;640;640;640;0;0;0;0;640;640;640;640;640;0;0;640;640;640;640;640;640;640;640;640;640;640;640;640;640;640;640;640;640;640;640;640;640;640;640;640;640;640;640;640;640;640;640;640;640;640;640;640;640;640;640;640;640;640;640;640;640;640;640;640;640;640;640;640;640;0;0;0;0;0;0;0;0;0;0;0;0;0;0;640;640;640;640;0;0;0;0;0;0;0;0;0;0;0;0;0;0;640;640;0;0;0;0;0;0;0;0;0;0;0;0;0;0;0;0;0;0;0;0;0;0;0;0;0;0;0;0;0;0;0;0;0;0;0;0;0;0;0
0;0;0;0;0;640;640;0;0;0;0;0;0;0;0;0;0;0;0;0;0;0;0;0;0;0;0;0;0;0;0;0;0;0;0;0;0;0;0;0;0;0;0;0;0;0;0;0;0;0;0;0;0;0;0;0;0;0;0;0;0;0;0;0;0;0;0;0;0;640;640;640;640;640;640;640;640;640;640;640;640;640;640;640;640;640;640;640;640;478;479;640;640;640;640;640;640;640;640;640;640;640;640;640;640;640;640;640;640;0;0;0;0;0;0;0;0;0;0;0;0;0;0;0;0;0;0;0;0;0;640;640;640;640;640;640;640;640;640;640;640;640;640;640;640;640;640;640;640;640;640;640;640;640;640;640;640;640;640;640;640;640;640;640;640;640;640;640;640;640;640;640;640;640;640;640;640;640;640;640;640;640;640;0;0;0;0;0;0;0;0;0;0;0;0;0;0;0;0;0;0;0;0;0;0;0;0;0;0;0;0;0;0;0;0;640;640;0;0;0;0;0;0;0;0;0;0;0;0;0;0;0;0;0;0;0;0;0;0;0;0;0;0;0;0;0;0;0;0;0;0;0;0;0;0;0
0;0;0;0;0;640;640;0;0;0;0;0;0;0;0;0;0;0;0;0;0;0;0;0;0;0;0;0;0;0;0;0;0;0;0;0;0;0;0;0;0;0;0;0;0;0;0;0;0;0;0;0;0;0;0;0;0;0;0;0;0;0;0;0;0;0;0;0;0;640;640;640;640;0;0;0;0;0;0;0;0;0;0;0;0;0;0;0;0;0;0;0;0;0;0;0;0;0;0;0;0;0;0;0;0;0;0;0;0;0;0;0;0;0;0;0;0;0;0;0;0;0;0;0;0;0;0;0;0;0;640;640;640;640;0;0;0;0;0;0;0;0;0;0;0;0;0;0;0;0;0;0;0;0;0;0;0;0;0;0;0;0;0;0;0;0;0;0;0;0;0;0;0;0;0;0;0;0;0;640;640;640;640;0;0;0;0;0;0;0;0;0;0;0;0;0;0;0;0;0;0;0;0;0;0;0;0;0;0;0;0;0;0;0;0;640;640;0;0;0;0;0;0;0;0;0;0;0;0;0;0;0;0;0;0;0;0;0;0;0;0;0;0;0;0;0;0;0;0;0;0;0;0;0;0;0
0;0;0;0;0;640;640;0;0;0;0;0;0;0;0;0;0;0;0;0;0;0;0;0;0;0;0;0;0;0;0;0;0;0;0;0;0;0;0;0;0;0;0;0;0;0;0;0;0;0;0;0;0;0;0;0;0;0;0;0;0;0;0;0;0;0;0;0;0;478;479;478;479;0;0;0;0;0;0;0;0;0;0;0;0;0;0;0;0;0;0;0;0;0;0;0;0;0;0;0;0;0;0;0;0;0;0;0;0;0;0;0;0;0;0;0;0;0;0;0;0;0;0;0;0;0;0;0;0;0;640;640;640;640;0;0;0;0;0;0;0;0;0;0;0;0;0;0;0;0;0;0;0;0;0;0;0;0;0;0;0;0;0;0;0;0;0;0;0;0;0;0;0;0;0;0;0;0;0;640;640;640;640;0;0;0;0;0;0;0;0;0;0;0;0;0;0;640;640;640;640;0;0;0;0;0;0;0;0;0;0;0;0;0;0;640;640;0;0;0;0;0;0;0;0;0;0;0;0;0;0;0;0;0;0;0;0;0;0;0;0;0;0;0;0;0;0;0;0;0;0;0;0;0;0;0
0;0;0;0;0;640;640;0;0;0;0;0;0;0;0;0;0;0;0;0;0;0;0;0;0;0;0;0;0;0;0;0;0;0;0;0;0;0;0;0;0;0;0;0;0;0;0;0;0;0;0;0;0;0;0;0;0;0;0;0;0;0;0;0;0;0;0;0;0;640;640;640;640;0;0;0;0;0;0;0;0;0;0;0;0;0;0;0;0;0;0;0;0;0;0;0;0;0;0;0;0;0;0;0;0;0;0;0;0;0;0;0;0;0;0;0;0;0;0;0;0;0;0;0;0;0;0;0;0;0;478;479;478;479;0;0;0;0;0;0;0;0;0;0;0;0;0;0;0;0;0;0;0;0;0;0;0;0;0;0;0;0;0;0;0;0;0;0;0;0;0;0;0;0;0;0;0;0;0;478;479;478;479;0;0;640;0;0;0;0;640;640;640;640;640;0;0;640;640;640;640;0;0;640;640;640;640;640;0;0;0;0;640;0;0;640;640;0;0;0;0;0;0;0;0;0;0;0;0;0;0;0;0;0;0;0;0;0;0;0;0;0;0;0;0;0;0;0;0;0;0;0;0;0;0;0
0;0;0;0;0;640;640;0;0;0;0;0;0;0;0;0;0;0;0;0;0;0;0;0;0;0;0;0;0;0;0;0;0;0;0;0;0;0;0;0;0;0;0;0;0;0;0;0;0;0;0;0;0;0;0;0;0;0;0;0;0;0;0;0;0;0;0;0;0;640;640;640;640;0;0;0;0;0;0;0;0;0;0;0;0;0;0;0;0;0;0;0;0;0;0;0;0;0;0;0;0;0;0;0;0;0;0;0;0;0;0;0;0;0;0;0;0;0;0;0;0;0;0;0;0;0;0;0;0;0;640;640;640;640;0;0;0;0;0;0;0;0;0;0;0;0;0;0;0;0;0;0;0;0;0;0;0;0;0;0;0;0;0;0;0;0;0;0;0;0;0;0;0;0;0;0;0;0;0;640;640;640;640;0;0;0;0;0;0;0;0;0;0;0;0;0;0;640;640;640;640;0;0;0;0;0;0;0;0;0;0;0;0;0;0;640;640;0;0;0;0;0;0;0;0;0;0;0;0;0;0;0;0;0;0;0;0;0;0;0;0;0;0;0;0;0;0;0;0;0;0;0;0;0;0;0
0;0;0;0;0;640;640;0;0;0;0;0;0;0;0;0;0;0;0;0;0;0;0;0;0;0;0;0;0;0;0;0;0;0;0;0;0;0;0;0;0;0;0;0;0;0;0;0;0;0;0;0;0;0;0;0;0;0;0;0;0;0;0;0;0;0;0;0;0;640;640;640;640;0;0;0;0;0;0;0;0;0;0;0;0;0;0;0;0;0;0;0;0;0;0;0;0;0;0;0;0;0;0;0;0;0;0;0;0;0;0;0;0;0;0;0;0;0;0;0;0;0;0;0;0;0;0;0;0;0;640;640;640;640;0;0;0;0;0;0;0;0;0;0;0;0;0;0;0;0;0;0;0;0;0;0;0;0;0;0;0;0;0;0;0;0;0;0;0;0;0;0;0;0;0;0;0;0;0;640;640;640;640;0;0;0;0;0;0;0;0;0;0;0;0;0;0;0;0;0;0;0;0;0;0;0;0;0;0;0;0;0;0;0;0;640;640;0;0;0;0;0;0;0;0;0;0;0;0;0;0;0;0;0;0;0;0;0;0;0;0;0;0;0;0;0;0;0;0;0;0;0;0;0;0;0
0;0;0;0;0;640;640;0;0;0;0;0;0;0;0;0;0;0;0;0;0;0;0;0;0;0;0;0;0;0;0;0;0;0;0;0;0;0;0;0;0;0;0;0;0;0;0;0;0;0;0;0;0;0;0;0;0;0;0;0;0;0;0;0;0;0;0;0;0;640;640;640;640;640;640;640;640;640;640;640;640;640;640;640;640;640;640;640;640;640;640;640;640;640;640;640;640;640;640;640;640;640;640;640;640;640;640;640;640;640;640;640;640;640;640;640;640;640;640;640;640;640;640;640;640;640;640;640;640;640;640;640;640;640;640;640;640;640;640;640;640;0;0;640;640;640;640;640;640;640;640;640;640;640;640;0;0;681;640;640;640;640;640;640;640;640;640;640;640;640;640;640;640;640;640;640;640;640;640;640;640;640;640;640;640;640;640;640;640;640;640;640;640;640;640;640;640;640;640;640;640;640;640;640;640;640;640;640;640;640;640;640;640;640;640;640;640;0;0;0;0;0;0;0;0;0;0;0;0;0;0;0;0;0;0;0;0;0;0;0;0;0;0;0;0;0;0;0;0;0;0;0;0;0;0;0
0;0;0;0;0;640;640;0;0;0;0;0;0;0;0;0;0;0;0;0;0;0;0;0;0;0;0;0;0;0;0;0;0;0;0;0;0;0;0;0;0;0;0;0;0;0;0;0;0;0;0;0;0;0;0;0;0;0;0;0;0;0;0;0;0;0;0;0;0;640;640;640;640;640;640;640;640;640;640;640;640;640;640;640;640;640;640;640;640;640;640;640;640;640;640;640;640;640;640;640;640;640;640;640;640;640;640;640;640;640;640;640;640;640;640;640;640;640;640;640;640;640;640;640;640;640;640;640;640;640;640;640;640;640;640;640;640;640;640;640;640;478;479;640;640;640;640;640;640;640;640;640;640;640;640;478;479;640;640;640;640;640;640;640;640;640;640;640;640;640;640;640;640;640;640;640;640;640;640;640;640;640;640;640;640;640;640;640;640;640;640;640;640;640;640;640;640;640;640;640;640;640;640;640;640;640;640;640;640;640;640;640;640;640;640;640;640;0;0;0;0;0;0;0;0;0;0;0;0;0;0;0;0;0;0;0;0;0;0;0;0;0;0;0;0;0;0;0;0;0;0;0;0;0;0;0
0;0;0;0;0;640;640;0;0;0;0;0;0;0;0;0;0;0;0;0;0;0;0;0;0;0;0;0;0;0;0;0;0;0;0;0;0;0;0;0;0;0;0;0;0;0;0;0;0;0;0;0;0;0;0;0;0;0;0;0;0;0;0;0;0;0;0;0;0;640;640;0;0;0;0;0;0;0;0;0;0;0;0;0;0;0;0;0;0;0;0;0;0;0;0;0;0;0;0;0;0;0;0;0;0;0;0;0;0;0;0;0;0;0;0;0;0;0;0;0;0;0;0;0;0;0;0;0;0;0;0;0;0;0;640;640;640;640;640;640;640;478;479;640;640;640;640;640;640;640;640;640;640;640;640;478;479;640;640;640;640;640;640;640;640;0;640;640;640;640;640;640;640;640;640;640;640;640;640;640;640;640;640;640;640;640;640;640;640;640;640;640;640;640;640;640;640;640;640;640;0;0;0;0;0;0;0;0;0;0;0;0;0;0;0;0;0;0;0;0;0;0;0;0;0;0;0;0;0;0;0;0;0;0;0;0;0;0;0;0;0;0;0;0;0;0;0;0;0;0;0;0;0;0;0;0
0;0;0;0;0;640;640;0;0;0;0;0;0;0;0;0;0;0;0;0;0;0;0;0;0;0;0;0;0;0;0;0;0;0;0;0;0;0;0;0;0;0;0;0;0;0;0;0;0;0;0;0;0;0;0;0;0;0;0;0;0;0;0;0;0;0;0;0;0;640;640;0;0;0;0;0;0;0;0;0;0;0;0;0;0;0;0;0;0;0;0;0;0;0;0;0;0;0;0;0;0;0;0;0;0;0;0;0;0;0;0;0;0;0;0;0;0;0;0;0;0;0;0;0;0;0;0;0;0;0;0;0;0;0;640;640;640;640;640;640;640;0;0;640;640;640;640;640;640;640;640;640;640;640;640;0;0;640;640;640;640;640;640;640;640;0;640;640;640;640;640;640;640;640;640;640;640;640;640;640;640;640;640;640;640;640;640;640;640;640;640;640;640;640;640;640;640;640;640;640;0;0;0;0;0;0;0;0;0;0;0;0;0;0;0;0;0;0;0;0;0;0;0;0;0;0;0;0;0;0;0;0;0;0;0;0;0;0;0;0;0;0;0;0;0;0;0;0;0;0;0;0;0;0;0;0
0;0;0;0;0;640;640;0;0;0;0;0;0;0;0;0;0;0;0;0;0;0;0;0;0;0;0;0;0;0;0;0;0;0;0;0;0;0;0;0;0;0;0;0;0;0;0;0;0;0;0;0;0;0;0;0;0;0;0;0;0;0;0;0;0;0;0;0;0;640;640;640;640;640;640;640;640;640;640;640;640;640;640;640;640;640;640;640;640;640;640;640;640;640;0;0;0;0;0;0;0;0;0;0;0;0;0;0;0;0;0;0;0;0;0;0;0;0;0;0;0;0;0;0;0;0;0;0;0;0;0;0;0;0;640;640;0;0;0;0;0;0;0;0;0;0;0;0;0;0;0;0;0;0;0;0;0;0;0;0;0;0;0;640;640;0;640;640;640;0;0;0;0;0;0;0;0;0;0;0;0;0;0;0;0;0;0;0;0;0;0;0;0;0;0;0;0;0;640;640;0;0;0;0;0;0;0;0;0;0;0;0;0;0;0;0;0;0;0;0;0;0;0;0;0;0;0;0;0;0;0;0;0;0;0;0;0;0;0;0;0;0;0;0;0;0;0;0;0;0;0;0;0;0;0;0
0;0;0;0;0;640;640;0;0;0;0;0;0;0;0;0;0;0;0;0;0;0;0;0;0;0;0;0;0;0;0;0;0;0;0;0;0;0;0;0;0;0;0;0;0;0;0;0;0;0;0;0;0;0;0;0;0;0;0;0;0;0;0;0;0;0;0;0;0;640;640;640;640;640;640;640;640;640;640;640;640;640;640;640;640;640;640;640;640;640;640;640;640;640;640;0;0;0;0;0;0;0;0;0;0;0;0;0;0;0;0;0;0;0;0;0;0;0;0;0;0;0;0;0;0;0;0;0;0;0;0;0;640;640;640;640;0;0;0;0;0;0;0;0;0;0;0;0;0;0;0;0;0;0;0;0;0;0;0;0;0;0;0;640;640;0;640;640;0;0;0;0;0;0;0;0;0;0;0;0;0;0;0;0;0;0;0;0;0;0;0;0;0;0;0;0;0;0;0;640;640;0;0;0;0;0;0;0;0;0;0;0;0;0;0;0;0;0;0;0;0;0;0;0;0;0;0;0;0;0;0;0;0;0;0;0;0;0;0;0;0;0;0;0;0;0;0;0;0;0;0;0;0;0;0;0
0;0;0;0;0;640;640;0;0;0;0;0;0;0;0;0;0;0;0;0;0;0;0;0;0;0;0;0;0;0;0;0;0;0;0;0;0;0;0;0;0;0;0;0;0;0;0;0;0;0;0;0;0;0;0;0;0;0;0;0;0;0;0;0;0;0;0;0;0;640;640;640;0;0;640;0;0;640;0;0;640;0;0;640;0;0;640;0;0;640;0;0;640;0;640;640;640;640;640;640;640;640;640;640;640;640;640;640;640;640;640;640;640;640;640;640;640;640;640;640;640;640;640;640;640;640;640;640;640;640;640;640;640;640;640;640;0;0;0;0;0;0;0;0;0;0;0;0;0;0;0;0;0;0;0;0;0;0;0;0;0;0;0;640;640;0;640;640;640;0;0;0;0;0;0;0;0;0;0;0;0;0;0;0;0;0;0;0;0;0;0;0;0;0;0;0;0;0;640;640;0;0;0;0;0;0;0;0;0;0;0;0;0;0;0;0;0;0;0;0;0;0;0;0;0;0;0;0;0;0;0;0;0;0;0;0;0;0;0;0;0;0;0;0;0;0;0;0;0;0;0;0;0;0;0;0
0;0;0;0;0;640;640;0;0;0;0;0;0;0;0;0;0;0;0;0;0;0;0;0;0;0;0;0;0;0;0;0;0;0;0;0;0;0;0;0;0;0;0;0;0;0;0;0;0;0;0;0;0;0;0;0;0;0;0;0;0;0;0;0;0;0;0;0;0;640;640;640;0;0;640;0;0;640;0;0;640;0;0;640;0;0;640;0;0;640;0;0;640;0;640;640;640;640;640;640;640;640;640;640;640;640;640;640;640;640;640;640;640;640;640;640;640;640;640;640;640;640;640;640;640;640;640;640;640;640;640;640;0;0;0;0;0;0;0;0;0;0;0;0;0;0;0;0;0;0;0;0;0;0;0;0;0;0;0;0;0;0;0;640;640;0;640;640;0;0;0;0;0;0;0;0;0;0;0;0;0;0;0;0;0;0;0;0;0;0;0;0;0;0;0;0;0;0;0;640;640;0;0;0;0;0;0;0;0;0;0;0;0;0;0;0;0;0;0;0;0;0;0;0;0;0;0;0;0;0;0;0;0;0;0;0;0;0;0;0;0;0;0;0;0;0;0;0;0;0;0;0;0;0;0;0
0;0;0;0;0;640;640;0;0;0;0;0;0;0;0;0;0;0;0;0;0;0;0;0;0;0;0;0;0;0;0;0;0;0;0;0;0;0;0;0;0;0;0;0;0;0;0;0;0;0;0;0;0;0;0;0;0;0;0;0;0;0;0;0;0;0;0;0;0;640;640;452;452;452;0;0;0;452;452;452;452;452;452;452;452;452;452;452;452;452;452;452;452;452;640;640;0;0;0;640;640;0;0;0;0;0;0;0;0;0;0;0;0;0;0;0;0;0;0;0;0;0;0;0;0;0;0;0;0;0;0;0;0;0;0;0;0;0;640;640;640;640;640;640;640;640;640;640;0;0;0;640;640;640;640;640;640;640;640;640;640;0;0;640;640;0;640;640;640;0;0;0;0;0;0;0;0;0;0;0;0;0;0;0;0;0;0;0;0;0;0;0;0;0;0;0;0;0;640;640;0;0;0;0;0;0;0;0;0;0;0;0;0;0;0;0;0;0;0;0;0;0;0;0;0;0;0;0;0;0;0;0;0;0;0;0;0;0;0;0;0;0;0;0;0;0;0;0;0;0;0;0;0;0;0;0
0;0;0;0;0;640;640;0;0;0;0;0;0;0;0;0;0;0;0;0;0;0;0;0;0;0;0;0;0;0;0;0;0;0;0;0;0;0;0;0;0;0;0;0;0;0;0;0;0;0;0;0;0;0;0;0;0;0;0;0;0;0;0;0;0;0;0;0;0;640;640;452;452;452;452;452;0;452;452;452;452;452;452;452;452;452;452;452;452;0;452;452;452;452;640;640;0;0;0;640;640;0;0;0;0;0;0;0;0;0;0;0;0;0;0;0;0;0;0;0;0;0;0;0;0;0;0;0;0;0;0;0;0;0;0;0;0;0;640;640;640;640;640;640;640;640;640;640;0;0;0;640;640;640;640;640;640;640;640;640;640;0;0;640;640;0;640;640;0;0;0;0;0;0;0;0;0;0;0;0;0;0;0;0;0;0;0;0;0;0;0;0;0;0;0;0;0;0;0;640;640;0;0;0;0;0;0;0;0;0;0;0;0;0;0;0;0;0;0;0;0;0;0;0;0;0;0;0;0;0;0;0;0;0;0;0;0;0;0;0;0;0;0;0;0;0;0;0;0;0;0;0;0;0;0;0
0;0;0;0;0;640;640;640;640;640;640;640;640;640;640;640;0;0;0;0;0;0;0;0;0;640;640;640;640;640;640;640;640;640;0;0;0;0;0;0;0;0;0;640;640;640;640;640;640;640;640;640;0;0;0;0;0;0;0;0;0;0;0;0;0;0;0;0;0;452;452;452;452;452;640;0;0;640;0;0;640;0;0;640;0;0;640;0;0;640;452;452;452;452;640;640;0;0;0;640;640;0;0;0;0;0;0;0;0;0;0;0;0;0;0;0;0;0;0;0;0;0;0;0;0;0;0;0;0;0;0;0;0;0;0;0;0;0;0;0;0;0;0;0;0;0;0;0;0;0;0;0;0;0;0;0;0;0;0;0;0;0;0;640;640;0;640;640;640;0;0;0;0;0;0;0;0;0;0;0;0;0;0;0;0;0;0;0;0;0;0;0;0;0;0;0;0;0;640;640;0;0;0;0;0;0;0;0;0;0;0;0;0;0;0;0;0;0;0;0;0;0;0;0;0;0;0;0;0;0;0;0;0;0;0;0;0;0;0;0;0;0;0;0;0;0;0;0;0;0;0;0;0;0;0;0
0;0;0;0;0;640;640;640;640;640;640;640;640;640;640;640;0;0;0;0;0;0;0;0;0;640;640;640;640;640;640;640;640;640;0;0;0;0;0;0;0;0;0;640;640;640;640;640;640;640;640;640;0;0;0;0;0;0;0;0;0;0;0;0;0;0;0;0;0;452;452;452;452;452;640;0;0;640;0;0;640;0;0;640;0;0;640;0;0;640;452;452;452;452;640;640;0;0;0;640;640;0;0;0;0;0;0;0;0;0;0;0;0;0;0;0;0;0;0;0;0;0;0;0;0;0;0;0;0;0;0;0;0;0;0;0;0;0;0;0;0;0;0;0;0;0;0;0;0;0;0;0;0;0;0;0;0;0;0;0;0;0;0;640;640;0;640;640;0;0;0;0;0;0;0;0;0;0;0;0;0;0;0;0;0;0;0;0;0;0;0;0;0;0;0;0;0;0;0;640;640;0;0;0;0;0;0;0;0;0;0;0;0;0;0;0;0;0;0;0;0;0;0;0;0;0;0;0;0;0;0;0;0;0;0;0;0;0;0;0;0;0;0;0;0;0;0;0;0;0;0;0;0;0;0;0
0;0;0;0;0;0;0;0;0;0;0;0;0;0;640;640;0;0;0;0;0;0;0;0;0;640;640;0;0;0;0;0;640;640;0;0;0;0;0;0;0;0;0;640;640;0;0;0;0;0;640;640;0;0;0;0;0;0;0;0;0;0;0;0;0;0;0;0;0;452;452;452;452;452;452;452;452;452;452;452;452;452;452;452;452;452;452;452;452;452;452;452;452;452;640;640;0;0;0;640;640;0;0;0;0;0;0;0;0;0;0;0;0;0;0;0;0;0;0;0;0;0;0;0;0;0;0;0;0;0;0;0;0;0;0;0;0;0;0;0;0;0;0;0;0;0;0;0;0;0;0;0;0;0;0;0;0;0;0;0;0;0;0;640;640;0;640;640;640;0;0;0;0;0;0;0;0;0;0;0;0;0;0;0;0;0;0;0;0;0;0;0;0;0;0;0;0;0;640;640;0;0;0;0;0;0;0;0;0;0;0;0;0;0;0;0;0;0;0;0;0;0;0;0;0;0;0;0;0;0;0;0;0;0;0;0;0;0;0;0;0;0;0;0;0;0;0;0;0;0;0;0;0;0;0;0
0;0;0;0;0;0;0;0;0;0;0;0;0;0;640;640;0;0;0;0;0;0;0;0;0;640;640;0;0;0;0;0;640;640;0;0;0;0;0;0;0;0;0;640;640;0;0;0;0;0;640;640;0;0;0;0;0;0;0;0;0;0;0;0;0;0;0;0;0;640;640;452;452;452;452;452;452;452;0;452;452;452;452;452;452;452;452;452;452;452;452;452;452;452;640;640;0;0;0;640;640;0;0;0;0;0;0;0;0;0;0;0;0;0;0;0;0;0;0;0;0;0;0;0;0;0;0;0;0;0;0;0;0;0;0;0;0;0;0;0;0;0;0;0;0;0;0;0;0;0;0;0;0;0;0;0;0;0;0;0;0;0;0;640;640;0;640;640;0;0;0;0;0;0;0;0;0;0;0;0;0;0;0;0;0;0;0;0;0;0;0;0;0;0;0;0;0;0;0;640;640;0;0;0;0;0;0;0;0;0;0;0;0;0;0;0;0;0;0;0;0;0;0;0;0;0;0;0;0;0;0;0;0;0;0;0;0;0;0;0;0;0;0;0;0;0;0;0;0;0;0;0;0;0;0;0
0;0;0;0;0;0;0;0;0;0;0;0;0;0;640;640;0;0;0;0;0;0;0;0;0;640;640;0;0;0;0;0;640;640;0;0;0;0;0;0;0;0;0;640;640;0;0;0;0;0;640;640;0;0;0;0;0;0;0;0;0;0;0;0;0;0;0;0;0;640;640;640;0;0;640;0;0;640;0;0;640;0;0;640;0;0;640;0;0;640;0;0;640;0;640;640;0;0;0;640;640;0;0;0;0;0;0;0;0;0;0;0;0;0;0;0;0;0;0;0;0;0;0;0;0;0;0;0;0;0;0;0;0;0;0;0;0;0;640;640;640;640;640;640;640;640;640;640;0;0;0;640;640;640;640;640;640;640;640;640;640;0;0;640;640;0;640;640;640;0;0;0;0;0;0;0;0;0;0;0;0;0;0;0;0;0;0;0;0;0;0;0;0;0;0;0;0;0;640;640;0;0;0;0;0;0;0;0;0;0;0;0;0;0;0;0;0;0;0;0;0;0;0;0;0;0;0;0;0;0;0;0;0;0;0;0;0;0;0;0;0;0;0;0;0;0;0;0;0;0;0;0;0;0;0;0
0;0;0;0;0;0;0;0;0;0;0;0;0;0;640;640;0;0;0;0;0;0;0;0;0;640;640;0;0;0;0;0;640;640;0;0;0;0;0;0;0;0;0;640;640;0;0;0;0;0;640;640;0;0;0;0;0;0;0;0;0;0;0;0;0;0;0;0;0;640;640;640;0;0;640;0;0;640;0;0;640;0;0;640;0;0;640;0;0;640;0;0;640;0;640;640;0;0;0;640;640;640;640;640;640;640;640;640;640;640;640;640;640;640;640;640;640;640;640;640;640;640;640;640;640;640;640;640;640;640;640;640;0;0;0;0;0;0;640;640;640;640;640;640;640;640;640;640;0;0;0;640;640;640;640;640;640;640;640;640;640;0;0;640;640;0;640;640;0;0;0;0;0;0;0;0;0;0;0;0;0;0;0;0;0;0;0;0;0;0;0;0;0;0;0;0;0;0;0;640;640;0;0;0;0;0;0;0;0;0;0;0;0;0;0;0;0;0;0;0;0;0;0;0;0;0;0;0;0;0;0;0;0;0;0;0;0;0;0;0;0;0;0;0;0;0;0;0;0;0;0;0;0;0;0;0
0;0;0;0;0;0;0;0;0;0;0;0;0;0;640;640;0;0;0;0;0;0;0;0;0;640;640;0;0;0;0;0;640;640;0;0;0;0;0;0;0;0;0;640;640;0;0;0;0;0;640;640;0;0;0;0;0;0;0;0;0;0;0;0;0;0;0;0;0;640;640;0;0;0;0;0;0;0;0;0;0;0;0;0;0;0;0;0;0;0;0;0;0;0;640;640;0;0;0;640;640;640;640;640;640;640;640;640;640;640;640;640;640;640;640;640;640;640;640;640;640;640;640;640;640;640;640;640;640;640;640;640;640;640;640;640;0;0;0;0;0;0;0;0;0;0;0;0;0;0;0;0;0;0;0;0;0;0;0;0;0;0;0;640;640;0;640;640;640;0;0;0;0;0;0;0;0;0;0;0;0;0;0;0;0;0;0;0;0;0;0;0;0;0;0;0;0;0;640;640;0;0;0;0;0;0;0;0;0;0;0;0;0;0;0;0;0;0;0;0;0;0;0;0;0;0;0;0;0;0;0;0;0;0;0;0;0;0;0;0;0;0;0;0;0;0;0;0;0;0;0;0;0;0;0;0
0;0;0;0;0;0;0;0;0;0;0;0;0;0;640;640;0;0;0;0;0;0;0;0;0;640;640;0;0;0;0;0;640;640;0;0;0;0;0;0;0;0;0;640;640;0;0;0;0;0;640;640;0;0;0;0;0;0;0;0;0;0;0;0;0;0;0;0;0;640;640;640;640;640;640;640;640;640;640;640;640;640;640;640;640;640;640;640;640;640;640;640;640;640;640;640;0;0;0;0;0;0;0;0;0;0;0;0;0;0;0;0;0;0;0;0;0;0;0;0;0;0;0;0;0;0;0;0;0;0;0;0;0;0;640;640;0;0;0;0;0;0;0;0;0;0;0;0;0;0;0;0;0;0;0;0;0;0;0;0;0;0;0;640;640;0;640;640;0;0;0;0;0;0;0;0;0;0;0;0;0;0;0;0;0;0;0;0;0;0;0;0;0;0;0;0;0;0;0;640;640;0;0;0;0;0;0;0;0;0;0;0;0;0;0;0;0;0;0;0;0;0;0;0;0;0;0;0;0;0;0;0;0;0;0;0;0;0;0;0;0;0;0;0;0;0;0;0;0;0;0;0;0;0;0;0
0;0;0;0;0;0;0;0;0;0;0;0;0;0;640;640;0;0;0;0;0;0;0;0;0;640;640;0;0;0;0;0;640;640;0;0;0;0;0;0;0;0;0;640;640;0;0;0;0;0;640;640;0;0;0;0;0;0;0;0;0;0;0;0;0;0;0;0;0;640;640;640;640;640;640;640;640;640;640;640;640;640;640;640;640;640;640;640;640;640;640;640;640;640;640;640;0;0;0;0;0;0;0;0;0;0;0;0;0;0;0;0;0;0;0;0;0;0;0;0;0;0;0;0;0;0;0;0;0;0;0;0;640;640;640;640;0;0;0;0;0;0;0;0;0;0;0;0;0;0;0;0;0;0;0;0;0;0;0;0;0;0;0;640;640;0;640;640;640;0;0;0;0;0;0;0;0;0;0;0;0;0;0;0;0;0;0;0;0;0;0;0;0;0;0;0;0;0;640;640;0;0;0;0;0;0;0;0;0;0;0;0;0;0;0;0;0;0;0;0;0;0;0;0;0;0;0;0;0;0;0;0;0;0;0;0;0;0;0;0;0;0;0;0;0;0;0;0;0;0;0;0;0;0;0;0
0;0;0;0;0;0;0;0;0;0;0;0;0;0;640;640;640;640;640;640;640;640;640;640;640;640;640;0;0;0;0;0;640;640;640;640;640;640;640;640;640;640;640;640;640;0;0;0;0;0;640;640;640;640;640;640;640;640;640;640;640;640;640;640;640;640;640;640;640;640;640;640;0;0;0;0;0;0;0;0;0;0;0;0;0;0;0;0;0;0;0;0;0;0;0;0;0;0;0;0;0;0;0;0;0;0;0;0;0;0;0;0;0;0;0;0;0;0;0;0;0;0;0;0;0;0;0;0;0;0;0;640;640;0;0;0;0;0;0;0;0;0;0;0;0;0;0;0;0;0;0;0;0;0;0;0;0;0;0;0;0;0;0;640;640;0;640;640;0;0;0;0;0;0;0;0;0;0;0;0;0;0;0;0;0;0;0;0;0;0;640;640;640;640;640;640;640;640;640;640;0;0;0;0;0;0;0;0;0;0;0;0;0;0;0;0;0;0;0;0;0;0;0;0;0;0;0;0;0;0;0;0;0;0;0;0;0;0;0;0;0;0;0;0;0;0;0;0;0;0;0;0;0;0;0;0
0;0;0;0;0;0;0;0;0;0;0;0;0;0;640;640;640;640;640;640;640;640;640;640;640;640;640;0;0;0;0;0;640;640;640;640;640;640;640;640;640;640;640;640;640;0;0;0;0;0;640;640;640;640;640;640;640;640;640;640;640;640;640;640;640;640;640;640;640;640;640;640;0;0;0;0;0;0;0;0;0;0;0;0;0;0;0;0;0;0;0;0;0;0;0;0;0;0;0;0;0;0;0;0;0;0;0;0;0;0;0;0;0;0;0;0;0;0;0;0;0;0;0;0;0;0;0;0;0;0;0;640;640;0;0;0;0;0;640;640;640;640;640;640;640;640;640;640;0;0;0;640;640;640;640;640;640;640;640;640;640;0;0;640;640;0;640;640;640;0;0;0;0;0;0;0;0;0;0;0;0;0;0;0;0;0;0;0;0;0;640;640;640;640;640;640;640;640;640;0;0;0;0;0;0;0;0;0;0;0;0;0;0;0;0;0;0;0;0;0;0;0;0;0;0;0;0;0;0;0;0;0;0;0;0;0;0;0;0;0;0;0;0;0;0;0;0;0;0;0;0;0;0;0;0;0
0;0;0;0;0;0;0;0;0;0;0;0;0;0;0;0;0;0;0;0;0;0;0;0;0;0;0;0;0;0;0;0;0;0;0;0;0;0;0;0;0;0;0;0;0;0;0;0;0;0;0;0;0;0;0;0;0;0;0;0;0;0;0;0;0;0;0;0;0;0;0;640;0;0;0;0;0;0;0;0;0;0;0;0;0;0;0;0;0;0;0;0;0;0;0;0;0;0;0;0;0;0;0;0;0;0;0;0;0;0;0;0;0;0;0;0;0;0;0;0;0;0;0;0;0;0;0;0;0;0;640;640;640;0;0;0;0;0;640;640;640;640;640;640;640;640;640;640;0;0;0;640;640;640;640;640;640;640;640;640;640;0;0;640;640;0;640;640;0;0;0;0;0;0;0;0;0;0;0;0;0;0;0;0;0;0;0;0;0;0;640;640;0;0;0;0;0;0;0;0;0;0;0;0;0;640;0;0;0;0;0;0;0;0;0;0;640;0;0;0;0;0;0;0;0;0;640;0;0;0;0;0;0;0;0;0;0;0;640;0;0;0;0;0;0;0;0;0;0;0;0;0;0;0;0;0
0;0;0;0;0;0;0;0;0;0;0;0;0;0;0;0;0;0;0;0;0;0;0;0;0;0;0;0;0;0;0;0;0;0;0;0;0;0;0;0;0;0;0;0;0;0;0;0;0;0;0;0;0;0;0;0;0;0;0;0;0;0;0;0;0;0;0;0;0;0;0;640;640;640;640;640;640;640;640;640;640;640;640;640;640;640;640;640;640;640;640;640;640;640;640;640;640;640;640;640;640;640;640;640;640;640;640;640;640;640;640;640;640;640;640;640;640;640;640;640;640;640;640;640;640;640;640;640;640;640;640;640;640;0;0;0;0;0;0;0;0;0;0;0;0;0;0;0;0;0;0;0;0;0;0;0;0;0;0;0;0;0;0;640;640;0;640;640;640;0;0;0;0;0;0;0;0;0;0;0;0;0;0;0;0;0;0;0;0;0;640;640;640;640;640;640;640;640;640;640;640;640;640;640;640;640;640;640;640;640;640;640;640;640;640;640;640;640;640;640;640;640;640;640;640;640;640;640;640;640;640;640;640;640;640;640;640;640;640;640;640;640;640;640;640;640;640;640;640;640;0;0;0;0;0;0
0;0;0;0;0;0;0;0;0;0;0;0;0;0;0;0;0;0;0;0;0;0;0;0;0;0;0;0;0;0;0;0;0;0;0;0;0;0;0;0;0;0;0;0;0;0;0;0;0;0;0;0;0;0;0;0;0;0;0;0;0;0;0;0;0;0;0;0;0;0;0;640;640;0;640;640;640;640;640;640;640;640;640;640;0;640;640;640;640;640;640;640;640;640;640;0;640;640;640;640;640;640;640;640;640;640;0;640;640;640;640;640;640;640;640;640;640;0;640;640;640;640;640;640;640;640;640;640;0;640;640;640;640;0;0;0;0;0;0;0;0;0;0;0;0;0;0;0;0;0;0;0;0;0;0;0;0;0;0;0;0;0;0;640;640;0;640;640;0;0;0;0;0;0;0;0;0;0;0;0;0;0;0;0;0;0;0;0;0;0;640;640;640;640;0;640;640;640;640;640;640;640;640;640;640;0;640;640;640;640;640;640;640;640;640;640;0;640;640;640;640;640;640;640;640;640;640;0;640;640;640;640;640;640;640;640;640;640;0;640;640;640;640;640;640;640;640;640;640;640;0;0;0;0;0;0
0;0;0;0;0;0;0;0;0;0;0;0;0;0;0;0;0;0;0;0;0;0;0;0;0;0;0;0;0;0;0;0;0;0;0;0;0;0;0;0;0;0;0;0;0;0;0;0;0;0;0;0;0;0;0;0;0;0;0;0;0;0;0;0;0;0;0;0;0;0;0;640;640;0;640;0;0;0;0;0;0;0;0;640;0;640;0;0;0;0;0;0;0;0;640;0;640;0;0;0;0;0;0;0;0;640;0;640;0;0;0;0;0;0;0;0;640;0;640;0;0;0;0;0;0;0;0;640;0;640;640;640;640;0;0;0;0;0;0;0;0;0;0;0;0;0;0;0;0;0;0;0;0;0;0;0;0;0;0;0;0;0;0;640;640;0;640;640;640;0;0;0;0;0;0;0;0;0;0;0;0;0;0;0;0;0;0;0;0;0;640;640;640;640;0;640;0;0;0;0;0;0;0;0;640;0;640;0;0;0;0;0;0;0;0;640;0;640;0;0;0;0;0;0;0;0;640;0;640;0;0;0;0;0;0;0;0;640;0;640;0;0;0;0;0;0;0;0;640;640;0;0;0;0;0;0
0;0;0;0;0;0;0;0;0;0;0;0;0;0;0;0;0;0;0;0;0;0;0;0;0;0;0;0;0;0;0;0;0;0;0;0;0;0;0;0;0;0;0;0;0;0;0;0;0;0;0;0;0;0;0;0;0;0;0;0;0;0;0;0;0;0;0;0;0;0;0;640;640;0;640;0;0;0;0;0;0;0;0;640;0;640;0;0;0;0;0;0;0;0;640;0;640;0;0;0;0;0;0;0;0;640;0;640;0;0;0;0;0;0;0;0;640;0;640;0;0;0;0;0;0;0;0;640;0;640;640;640;640;0;0;0;0;0;0;0;0;0;0;0;0;0;0;0;0;0;0;0;0;0;0;0;0;0;0;0;0;0;0;640;640;0;640;640;640;640;0;0;640;640;0;0;640;640;640;640;640;640;640;640;640;640;640;640;640;640;640;640;640;640;0;640;0;0;0;0;0;0;0;0;640;0;640;0;0;0;0;0;0;0;0;640;0;640;0;0;0;0;0;0;0;0;640;0;640;0;0;0;0;0;0;0;0;640;0;640;0;0;0;0;0;0;0;0;640;640;0;0;0;0;0;0
0;0;0;0;0;0;0;0;0;0;0;0;0;0;0;0;0;0;0;0;0;0;0;0;0;0;0;0;0;0;0;0;0;0;0;0;0;0;0;0;0;0;0;0;0;0;0;0;0;0;0;0;0;0;0;0;0;0;0;0;0;0;0;0;0;0;0;0;0;0;0;640;640;0;640;0;0;0;0;0;0;0;0;640;0;640;0;0;0;0;0;0;0;0;640;0;640;0;0;0;0;0;0;0;0;640;0;640;0;0;0;0;0;0;0;0;640;0;640;0;0;0;0;0;0;0;0;640;0;640;640;640;640;0;0;0;0;0;640;640;640;640;640;640;640;640;640;640;0;0;0;640;640;640;640;640;640;640;640;640;640;0;0;640;640;0;640;640;640;640;478;479;640;640;478;479;640;640;640;640;640;640;640;640;640;640;640;640;640;640;640;640;640;640;0;640;0;0;0;0;0;0;0;0;640;0;640;0;0;0;0;0;0;0;0;640;0;640;0;0;0;0;0;0;0;0;640;0;640;0;0;0;0;0;0;0;0;640;0;640;0;0;0;0;0;0;0;0;640;640;0;0;0;0;0;0
0;0;0;0;0;0;0;0;0;0;0;0;0;0;0;0;0;0;0;0;0;0;0;0;0;0;0;0;0;0;0;0;0;0;0;0;0;0;0;0;0;0;0;0;0;0;0;0;0;0;0;0;0;0;0;0;0;0;0;0;0;0;0;0;0;0;0;0;0;0;0;640;640;0;640;0;0;0;0;0;0;0;0;640;0;640;0;0;0;0;0;0;0;0;640;0;640;0;0;0;0;0;0;0;0;640;0;640;0;0;0;0;0;0;0;0;640;0;640;0;0;0;0;0;0;0;0;640;0;640;640;640;640;0;0;0;0;0;640;640;640;640;640;640;640;640;640;640;0;0;0;640;640;640;640;640;640;640;640;640;640;0;0;640;640;0;640;640;640;640;478;479;640;640;478;479;640;640;640;640;640;640;640;640;640;640;640;640;640;640;640;640;640;640;0;640;0;0;0;0;0;0;0;0;640;0;640;0;0;0;0;0;0;0;0;640;0;640;0;0;0;0;0;0;0;0;640;0;640;0;0;0;0;0;0;0;0;640;0;640;0;0;0;0;0;0;0;0;640;640;0;0;0;0;0;0
0;0;0;0;0;0;0;0;0;0;0;0;0;0;0;0;0;0;0;0;0;0;0;0;0;0;0;0;0;0;0;0;0;0;0;0;0;0;0;0;0;0;0;0;0;0;0;0;0;0;0;0;0;0;0;0;0;0;0;0;0;0;0;0;0;0;0;0;0;0;0;640;640;0;640;0;0;0;0;0;0;0;0;640;0;640;0;0;0;0;0;0;0;0;640;0;640;0;0;0;0;0;0;0;0;640;0;640;0;0;0;0;0;0;0;0;640;0;640;0;0;0;0;0;0;0;0;640;0;640;640;640;640;0;0;0;0;0;0;0;0;0;0;0;0;0;0;0;0;0;0;0;0;0;0;0;0;0;0;0;0;0;0;640;640;0;640;640;640;640;0;0;640;640;0;0;640;640;640;640;640;640;640;640;640;640;640;640;640;640;640;640;640;640;0;640;0;0;0;0;0;0;0;0;640;0;640;0;0;0;0;0;0;0;0;640;0;640;0;0;0;0;0;0;0;0;640;0;640;0;0;0;0;0;0;0;0;640;0;640;0;0;0;0;0;0;0;0;640;640;0;0;0;0;0;0
0;0;0;0;0;0;0;0;0;0;0;0;0;0;0;0;0;0;0;0;0;0;0;0;0;0;0;0;0;0;0;0;0;0;0;0;0;0;0;0;0;0;0;0;0;0;0;0;0;0;0;0;0;0;0;0;0;0;0;0;0;0;0;0;0;0;0;0;0;0;0;640;640;0;640;640;640;0;0;0;0;0;0;640;0;640;640;640;0;0;0;0;0;0;640;0;640;640;640;0;0;0;0;0;0;640;0;640;640;640;0;0;0;0;0;0;640;0;640;640;640;0;0;0;0;0;0;640;0;640;640;640;640;0;0;0;0;0;0;0;0;0;0;0;0;0;0;0;0;0;0;0;0;0;0;0;0;0;0;0;0;0;0;640;640;0;640;0;0;0;0;0;0;0;0;0;0;0;0;0;0;0;0;0;0;0;0;0;0;0;640;640;640;640;0;640;640;640;0;0;0;0;0;0;640;0;640;640;640;0;0;0;0;0;0;640;0;640;640;640;0;0;0;0;0;0;640;0;640;640;640;0;0;0;0;0;0;640;0;640;640;640;0;0;0;0;0;0;640;640;0;0;0;0;0;0
0;0;0;0;0;0;0;0;0;0;0;0;0;0;0;0;0;0;0;0;0;0;0;0;0;0;0;0;0;0;0;0;0;0;0;0;0;0;0;0;0;0;0;0;0;0;0;0;0;0;0;0;0;0;0;0;0;0;0;0;0;0;0;0;0;0;0;0;0;0;0;640;640;0;640;0;0;0;0;0;0;0;0;640;0;640;0;0;0;0;0;0;0;0;640;0;640;0;0;0;0;0;0;0;0;640;0;640;0;0;0;0;0;0;0;0;640;0;640;0;0;0;0;0;0;0;0;640;0;640;640;640;640;0;0;0;0;0;0;0;0;0;0;0;0;0;0;0;0;0;0;0;0;0;0;0;0;0;0;0;0;0;0;640;640;0;640;0;0;0;0;0;0;0;0;0;0;0;0;0;0;0;0;0;0;0;0;0;0;0;640;640;640;640;0;640;0;0;0;0;0;0;0;0;640;0;640;0;0;0;0;0;0;0;0;640;0;640;0;0;0;0;0;0;0;0;640;0;640;0;0;0;0;0;0;0;0;640;0;640;0;0;0;0;0;0;0;0;640;640;0;0;0;0;0;0
0;0;0;0;0;0;0;0;0;0;0;0;0;0;0;0;0;0;0;0;0;0;0;0;0;0;0;0;0;0;0;0;0;0;0;0;0;0;0;0;0;0;0;0;0;0;0;0;0;0;0;0;0;0;0;0;0;0;0;0;0;0;0;0;0;0;0;0;0;0;0;640;640;0;640;640;640;0;0;0;0;0;0;640;0;640;640;640;0;0;0;0;0;0;640;0;640;640;640;0;0;0;0;0;0;640;0;640;640;640;0;0;0;0;0;0;640;0;640;640;640;0;0;0;0;0;0;640;0;640;640;640;640;0;0;0;0;0;0;0;0;0;0;0;0;0;0;0;0;0;0;0;0;0;0;0;0;0;0;0;0;0;0;640;640;0;640;0;0;0;0;0;0;0;0;0;0;0;0;0;0;0;0;0;0;0;0;0;0;0;640;640;640;640;0;640;640;640;0;0;0;0;0;0;640;0;640;640;640;0;0;0;0;0;0;640;0;640;640;640;0;0;0;0;0;0;640;0;640;640;640;0;0;0;0;0;0;640;0;640;640;640;0;0;0;0;0;0;640;640;0;0;0;0;0;0
0;0;0;0;0;0;0;0;0;0;0;0;0;0;0;0;0;0;0;0;0;0;0;0;0;0;0;0;0;0;0;0;0;0;0;0;0;0;0;0;0;0;0;0;0;0;0;0;0;0;0;0;0;0;0;0;0;0;0;0;0;0;0;0;0;0;0;0;0;0;0;640;640;0;640;640;640;640;640;640;640;640;266;640;0;640;640;640;640;640;640;640;640;266;640;0;640;640;640;640;640;640;640;640;266;640;0;640;640;640;640;640;640;640;640;266;640;0;640;640;640;640;640;640;640;640;266;640;0;640;640;640;640;0;0;0;0;0;640;640;640;640;640;640;640;640;640;640;0;0;0;640;640;640;640;640;640;640;640;640;640;0;0;640;640;0;640;0;0;0;0;0;0;0;0;0;0;0;0;0;0;0;0;0;0;0;0;0;0;0;640;640;640;640;0;640;640;640;640;640;640;640;640;266;640;0;640;640;640;640;640;640;640;640;266;640;0;640;640;640;640;640;640;640;640;266;640;0;640;640;640;640;640;640;640;640;266;640;0;640;640;640;640;640;640;640;640;266;640;640;0;0;0;0;0;0
0;0;0;0;0;0;0;0;0;0;0;0;0;0;0;0;0;0;0;0;0;0;0;0;0;0;0;0;0;0;0;0;0;0;0;0;0;0;0;0;0;0;0;0;0;0;0;0;0;0;0;0;0;0;0;0;0;0;0;0;0;0;0;0;0;0;0;0;0;0;0;640;640;0;0;0;0;0;0;0;0;0;0;0;0;0;0;0;0;0;0;0;0;0;0;0;0;0;0;0;0;0;0;0;0;0;0;0;0;0;0;0;0;0;0;0;0;0;0;0;0;0;0;0;0;0;0;0;0;640;640;640;640;0;0;0;0;0;640;640;640;640;640;640;640;640;640;640;0;0;0;640;640;640;640;640;640;640;640;640;640;0;0;640;640;0;640;0;0;0;0;0;0;0;0;0;0;0;0;0;0;0;0;0;0;0;0;0;0;0;640;640;640;640;0;0;0;0;0;0;0;0;0;0;0;0;0;0;0;0;0;0;0;0;0;0;0;0;0;0;0;0;0;0;0;0;0;0;0;0;0;0;0;0;0;0;0;0;0;0;0;0;0;0;0;0;0;0;0;640;640;0;0;0;0;0
0;0;0;0;0;0;0;0;0;0;0;0;0;0;0;0;0;0;0;0;0;0;0;0;0;0;0;0;0;0;0;0;0;0;0;0;0;0;0;0;0;0;0;0;0;0;0;0;0;0;0;0;0;0;0;0;0;0;0;0;0;0;0;0;0;0;0;0;0;0;0;640;640;0;0;0;0;0;0;0;0;0;0;0;0;0;0;0;0;0;0;0;0;0;0;0;0;0;0;0;0;0;0;0;0;0;0;0;0;0;0;0;0;0;0;0;0;0;0;0;0;0;0;0;0;0;0;0;0;640;640;640;640;0;0;0;0;0;0;0;0;0;0;0;0;0;0;0;0;0;0;0;0;0;0;0;0;0;0;0;0;0;0;640;640;0;640;0;0;0;0;0;0;0;0;0;0;0;0;0;0;0;0;0;0;0;0;0;0;0;640;640;640;640;0;0;0;0;0;0;0;0;0;0;0;0;0;0;0;0;0;0;0;0;0;0;0;0;0;0;0;0;0;0;0;0;0;0;0;0;0;0;0;0;0;0;0;0;0;0;0;0;0;0;0;0;0;0;0;640;640;0;0;0;0;0
0;0;0;0;0;0;0;0;0;0;0;0;0;0;0;0;0;0;0;0;0;0;0;0;0;0;0;0;0;0;0;0;0;0;0;0;0;0;0;0;0;0;0;0;0;0;0;0;0;0;0;0;0;0;0;0;0;0;0;0;0;0;0;0;0;0;0;0;0;0;0;640;640;0;0;0;0;0;0;0;0;0;0;0;0;0;0;0;0;0;0;0;0;0;0;0;0;0;0;0;0;0;0;0;0;0;0;0;0;0;0;0;0;0;0;0;0;0;0;0;0;0;0;0;0;0;0;0;0;640;640;640;640;640;640;640;0;0;0;0;0;0;0;0;0;0;0;0;0;0;0;0;0;0;0;0;0;0;0;0;0;0;0;640;640;0;640;0;0;0;0;0;0;0;0;0;0;0;0;0;0;0;0;0;0;0;0;0;0;0;640;640;640;640;0;0;0;0;0;0;0;0;0;0;0;0;0;0;0;0;0;0;0;0;0;0;0;0;0;0;0;0;0;0;0;0;0;0;0;0;0;0;0;0;0;0;0;0;0;0;0;0;0;0;0;0;0;0;0;640;640;0;0;0;0;0
0;0;0;0;0;0;0;0;0;0;0;0;0;0;0;0;0;0;0;0;0;0;0;0;0;0;0;0;0;0;0;0;0;0;0;0;0;0;0;0;0;0;0;0;0;0;0;0;0;0;0;0;0;0;0;0;0;0;0;0;0;0;0;0;0;0;0;0;0;0;0;640;640;0;640;640;640;640;640;640;640;640;640;640;0;640;640;640;640;640;640;640;640;640;640;0;640;640;640;640;640;640;640;640;640;640;0;640;640;640;640;640;640;640;640;640;640;0;640;640;640;640;640;640;640;640;640;640;0;640;640;640;640;640;640;640;0;0;0;0;0;0;0;0;0;0;0;0;0;0;0;0;0;0;0;0;0;0;0;0;0;0;0;640;640;0;640;0;0;0;0;0;0;0;0;0;0;0;0;0;0;0;0;0;0;0;0;0;0;0;640;640;640;640;0;640;640;640;640;640;640;640;640;640;640;0;640;640;640;640;640;640;640;640;640;640;0;640;640;640;640;640;640;640;640;640;640;0;640;640;640;640;640;640;640;640;640;640;0;640;640;640;640;640;640;640;640;640;640;640;0;0;0;0;0;0
0;0;0;0;0;0;0;0;0;0;0;0;0;0;0;0;0;0;0;0;0;0;0;0;0;0;0;0;0;0;0;0;0;0;0;0;0;0;0;0;0;0;0;0;0;0;0;0;0;0;0;0;0;0;0;0;0;0;0;0;0;0;0;0;0;0;0;0;0;0;0;640;640;0;640;0;0;0;0;0;0;0;0;640;0;640;0;0;0;0;0;0;0;0;640;0;640;0;0;0;0;0;0;0;0;640;0;640;0;0;0;0;0;0;0;0;640;0;640;0;0;0;0;0;0;0;0;640;0;640;640;640;640;640;640;640;0;0;0;0;0;0;0;0;0;0;0;0;0;0;0;0;0;0;0;0;0;0;0;0;0;0;0;640;640;0;640;0;0;0;0;0;0;0;0;0;0;0;0;0;0;0;0;0;0;0;0;0;0;0;640;640;640;640;0;640;0;0;0;0;0;0;0;0;640;0;640;0;0;0;0;0;0;0;0;640;0;640;0;0;0;0;0;0;0;0;640;0;640;0;0;0;0;0;0;0;0;640;0;640;0;0;0;0;0;0;0;0;640;640;0;0;0;0;0;0
0;0;0;0;0;0;0;0;0;0;0;0;0;0;0;0;0;0;0;0;0;0;0;0;0;0;0;0;0;0;0;0;0;0;0;0;0;0;0;0;0;0;0;0;0;0;0;0;0;0;0;0;0;0;0;0;0;0;0;0;0;0;0;0;0;0;0;0;0;0;0;640;640;0;640;0;0;0;0;0;0;0;0;640;0;640;0;0;0;0;0;0;0;0;640;0;640;0;0;0;0;0;0;0;0;640;0;640;0;0;0;0;0;0;0;0;640;0;640;0;0;0;0;0;0;0;0;640;0;640;640;640;640;640;640;640;640;640;0;0;640;640;640;640;640;640;640;640;640;640;0;0;640;640;640;640;640;640;640;640;0;0;640;640;640;0;640;0;0;0;0;0;0;0;0;0;0;0;0;0;0;0;0;0;0;0;0;0;0;0;640;640;640;640;0;640;0;0;0;0;0;0;0;0;640;0;640;0;0;0;0;0;0;0;0;640;0;640;0;0;0;0;0;0;0;0;640;0;640;0;0;0;0;0;0;0;0;640;0;640;0;0;0;0;0;0;0;0;640;640;0;0;0;0;0;0
0;0;0;0;0;0;0;0;0;0;0;0;0;0;0;0;0;0;0;0;0;0;0;0;0;0;0;0;0;0;0;0;0;0;0;0;0;0;0;0;0;0;0;0;0;0;0;0;0;0;0;0;0;0;0;0;0;0;0;0;0;0;0;0;0;0;0;0;0;0;0;640;640;0;640;0;0;0;0;0;0;0;0;640;0;640;0;0;0;0;0;0;0;0;640;0;640;0;0;0;0;0;0;0;0;640;0;640;0;0;0;0;0;0;0;0;640;0;640;0;0;0;0;0;0;0;0;640;0;640;640;640;640;640;640;640;640;640;478;479;640;640;640;640;640;640;640;640;640;640;478;479;640;640;640;640;640;640;640;640;478;479;640;640;640;0;640;0;0;0;0;0;0;0;0;0;0;0;0;0;0;0;0;0;0;0;0;0;0;0;640;640;640;640;0;640;0;0;0;0;0;0;0;0;640;0;640;0;0;0;0;0;0;0;0;640;0;640;0;0;0;0;0;0;0;0;640;0;640;0;0;0;0;0;0;0;0;640;0;640;0;0;0;0;0;0;0;0;640;640;0;0;0;0;0;0
0;0;0;0;0;0;0;0;0;0;0;0;0;0;0;0;0;0;0;0;0;0;0;0;0;0;0;0;0;0;0;0;0;0;0;0;0;0;0;0;0;0;0;0;0;0;0;0;0;0;0;0;0;0;0;0;0;0;0;0;0;0;0;0;0;0;0;0;0;0;0;640;640;0;640;0;0;0;0;0;0;0;0;640;0;640;0;0;0;0;0;0;0;0;640;0;640;0;0;0;0;0;0;0;0;640;0;640;0;0;0;0;0;0;0;0;640;0;640;0;0;0;0;0;0;0;0;640;0;640;640;640;640;640;640;640;640;640;478;479;640;640;640;640;640;640;640;640;640;640;478;479;640;640;640;640;640;640;640;640;478;479;640;640;640;0;640;0;0;0;0;0;0;0;0;0;0;0;0;0;0;0;0;0;0;0;0;0;0;0;640;640;640;640;0;640;0;0;0;0;0;0;0;0;640;0;640;0;0;0;0;0;0;0;0;640;0;640;0;0;0;0;0;0;0;0;640;0;640;0;0;0;0;0;0;0;0;640;0;640;0;0;0;0;0;0;0;0;640;640;0;0;0;0;0;0
0;0;0;0;0;0;0;0;0;0;0;0;0;0;0;0;0;0;0;0;0;0;0;0;0;0;0;0;0;0;0;0;0;0;0;0;0;0;0;0;0;0;0;0;0;0;0;0;0;0;0;0;0;0;0;0;0;0;0;0;0;0;0;0;0;0;0;0;0;0;0;640;640;0;640;0;0;0;0;0;0;0;0;640;0;640;0;0;0;0;0;0;0;0;640;0;640;0;0;0;0;0;0;0;0;640;0;640;0;0;0;0;0;0;0;0;640;0;640;0;0;0;0;0;0;0;0;640;0;640;640;640;640;640;640;640;640;640;0;0;640;640;640;640;640;640;640;640;640;640;0;0;640;640;640;640;640;640;640;640;0;0;640;640;640;640;640;0;0;0;0;0;0;0;0;0;0;0;0;0;0;0;0;0;0;0;0;0;0;0;640;640;640;640;0;640;0;0;0;0;0;0;0;0;640;0;640;0;0;0;0;0;0;0;0;640;0;640;0;0;0;0;0;0;0;0;640;0;640;0;0;0;0;0;0;0;0;640;0;640;0;0;0;0;0;0;0;0;640;640;0;0;0;0;0;0
0;0;0;0;0;0;0;0;0;0;0;0;0;0;0;0;0;0;0;0;0;0;0;0;0;0;0;0;0;0;0;0;0;0;0;0;0;0;0;0;0;0;0;0;0;0;0;0;0;0;0;0;0;0;0;0;0;0;0;0;0;0;0;0;0;0;0;0;0;0;0;640;640;0;640;640;640;0;0;0;0;0;0;640;0;640;640;640;0;0;0;0;0;0;640;0;640;640;640;0;0;0;0;0;0;640;0;640;640;640;0;0;0;0;0;0;640;0;640;640;640;0;0;0;0;0;0;640;0;640;640;640;640;0;0;0;0;0;0;0;0;0;0;0;0;0;0;0;0;0;0;0;0;0;0;0;0;0;0;0;0;0;0;0;0;0;0;0;0;0;0;0;0;0;0;0;0;0;0;0;0;0;0;0;0;0;0;0;0;0;640;640;640;640;0;640;640;640;0;0;0;0;0;0;640;0;640;640;640;0;0;0;0;0;0;640;0;640;640;640;0;0;0;0;0;0;640;0;640;640;640;0;0;0;0;0;0;640;0;640;640;640;0;0;0;0;0;0;640;640;0;0;0;0;0;0
0;0;0;0;0;0;0;0;0;0;0;0;0;0;0;0;0;0;0;0;0;0;0;0;0;0;0;0;0;0;0;0;0;0;0;0;0;0;0;0;0;0;0;0;0;0;0;0;0;0;0;0;0;0;0;0;0;0;0;0;0;0;0;0;0;0;0;0;0;0;0;640;640;0;640;0;0;0;0;0;0;0;0;640;0;640;0;0;0;0;0;0;0;0;640;0;640;0;0;0;0;0;0;0;0;640;0;640;0;0;0;0;0;0;0;0;640;0;640;0;0;0;0;0;0;0;0;640;0;640;640;640;640;0;0;0;0;0;0;0;0;0;0;0;0;0;0;0;0;0;0;0;0;0;0;0;0;0;0;0;0;0;0;0;0;0;0;0;0;0;0;0;0;0;0;0;0;0;0;0;0;0;0;0;0;0;0;0;0;0;640;640;640;640;0;640;0;0;0;0;0;0;0;0;640;0;640;0;0;0;0;0;0;0;0;640;0;640;0;0;0;0;0;0;0;0;640;0;640;0;0;0;0;0;0;0;0;640;0;640;0;0;0;0;0;0;0;0;640;640;0;0;0;0;0;0
0;0;0;0;0;0;0;0;0;0;0;0;0;0;0;0;0;0;0;0;0;0;0;0;0;0;0;0;0;0;0;0;0;0;0;0;0;0;0;0;0;0;0;0;0;0;0;0;0;0;0;0;0;0;0;0;0;0;0;0;0;0;0;0;0;0;0;0;0;0;0;640;640;0;640;640;640;0;0;0;0;0;0;640;0;640;640;640;0;0;0;0;0;0;640;0;640;640;640;0;0;0;0;0;0;640;0;640;640;640;0;0;0;0;0;0;640;0;640;640;640;0;0;0;0;0;0;640;0;640;640;640;640;0;0;0;0;0;0;0;0;0;0;0;0;0;0;0;0;0;0;0;0;0;0;0;0;0;0;0;0;0;0;0;0;0;0;0;0;0;0;0;0;0;0;0;0;0;0;0;0;0;0;0;0;0;0;0;0;0;640;640;640;640;0;640;640;640;0;0;0;0;0;0;640;0;640;640;640;0;0;0;0;0;0;640;0;640;640;640;0;0;0;0;0;0;640;0;640;640;640;0;0;0;0;0;0;640;0;640;640;640;0;0;0;0;0;0;640;640;0;0;0;0;0;0
0;0;0;0;0;0;0;0;0;0;0;0;0;0;0;0;0;0;0;0;0;0;0;0;0;0;0;0;0;0;0;0;0;0;0;0;0;0;0;0;0;0;0;0;0;0;0;0;0;0;0;0;0;0;0;0;0;0;0;0;0;0;0;0;0;0;0;0;0;0;0;640;640;0;640;640;640;640;640;640;640;640;266;640;0;640;640;640;640;640;640;640;640;266;640;0;640;640;640;640;640;640;640;640;266;640;0;640;640;640;640;640;640;640;640;266;640;0;640;640;640;640;640;640;640;640;266;640;0;640;640;640;640;0;0;0;0;0;0;0;0;0;0;0;0;0;0;0;0;0;0;0;0;0;0;0;0;0;0;0;0;0;0;0;0;0;0;0;0;0;0;0;0;0;0;0;0;0;0;0;0;0;0;0;0;0;0;0;0;0;640;640;640;640;0;640;640;640;640;640;640;640;640;266;640;0;640;640;640;640;640;640;640;640;266;640;0;640;640;640;640;640;640;640;640;266;640;0;640;640;640;640;640;640;640;640;266;640;0;640;640;640;640;640;640;640;640;266;640;640;0;0;0;0;0;0
0;0;0;0;0;0;0;0;0;0;0;0;0;0;0;0;0;0;0;0;0;0;0;0;0;0;0;0;0;0;0;0;0;0;0;0;0;0;0;0;0;0;0;0;0;0;0;0;0;0;0;0;0;0;0;0;0;0;0;0;0;0;0;0;0;0;0;0;0;0;0;640;640;0;0;0;0;0;0;0;0;0;0;0;0;0;0;0;0;0;0;0;0;0;0;0;0;0;0;0;0;0;0;0;0;0;0;0;0;0;0;0;0;0;0;0;0;0;0;0;0;0;0;0;0;0;0;0;0;640;640;640;640;0;0;0;0;0;0;0;0;0;0;0;0;0;0;0;0;0;0;0;0;0;0;0;0;0;0;0;0;0;0;0;0;0;0;0;0;0;0;0;0;0;0;0;0;0;0;0;0;0;0;0;0;0;0;0;0;0;640;640;640;640;0;0;0;0;0;0;0;0;0;0;0;0;0;0;0;0;0;0;0;0;0;0;0;0;0;0;0;0;0;0;0;0;0;0;0;0;0;0;0;0;0;0;0;0;0;0;0;0;0;0;0;0;0;0;0;640;640;0;0;0;0;0
0;0;0;0;0;0;0;0;0;0;0;0;0;0;0;0;0;0;0;0;0;0;0;0;0;0;0;0;0;0;0;0;0;0;0;0;0;0;0;0;0;0;0;0;0;0;0;0;0;0;0;0;0;0;0;0;0;0;0;0;0;0;0;0;0;0;0;0;0;0;0;640;640;0;0;0;0;0;0;0;0;0;0;0;0;0;0;0;0;0;0;0;0;0;0;0;0;0;0;0;0;0;0;0;0;0;0;0;0;0;0;0;0;0;0;0;0;0;0;0;0;0;0;0;0;0;0;0;0;478;479;478;479;0;0;0;0;0;0;0;0;0;0;0;0;0;0;0;0;0;0;0;0;0;0;0;0;0;0;0;0;0;0;0;0;0;0;0;0;0;0;0;0;0;0;0;0;0;0;0;0;0;0;0;0;0;0;0;0;0;478;479;478;479;0;0;0;0;0;0;0;0;0;0;0;0;0;0;0;0;0;0;0;0;0;0;0;0;0;0;0;0;0;0;0;0;0;0;0;0;0;0;0;0;0;0;0;0;0;0;0;0;0;0;0;0;0;0;0;640;640;0;0;0;0;0
0;0;0;0;0;0;0;0;0;0;0;0;0;0;0;0;0;0;0;0;0;0;0;0;0;0;0;0;0;0;0;0;0;0;0;0;0;0;0;0;0;0;0;0;0;0;0;0;0;0;0;0;0;0;0;0;0;0;0;0;0;0;0;0;0;0;0;0;0;0;0;640;640;0;0;0;0;0;0;0;0;0;0;0;0;0;0;0;0;0;0;0;0;0;0;0;0;0;0;0;0;0;0;0;0;0;0;0;0;0;0;0;0;0;0;0;0;0;0;0;0;0;0;0;0;0;0;0;0;640;640;640;640;0;0;0;0;0;0;0;0;0;0;0;0;0;0;0;0;0;0;0;0;0;0;0;0;0;0;0;0;0;0;0;0;0;0;0;0;0;0;0;0;0;0;0;0;0;0;0;0;0;0;0;0;0;0;0;0;0;640;640;640;640;0;0;0;0;0;0;0;0;0;0;0;0;0;0;0;0;0;0;0;0;0;0;0;0;0;0;0;0;0;0;0;0;0;0;0;0;0;0;0;0;0;0;0;0;0;0;0;0;0;0;0;0;0;0;0;640;640;0;0;0;0;0
0;0;0;0;0;0;0;0;0;0;0;0;0;0;0;0;0;0;0;0;0;0;0;0;0;0;0;0;0;0;0;0;0;0;0;0;0;0;0;0;0;0;0;0;0;0;0;0;0;0;0;0;0;0;0;0;0;0;0;0;0;0;0;0;0;0;0;0;0;0;0;640;640;0;640;640;640;640;640;640;640;640;640;640;0;640;640;640;640;640;640;640;640;640;640;0;640;640;640;640;640;640;640;640;640;640;0;640;640;640;640;640;640;640;640;640;640;0;640;640;640;640;640;640;640;640;640;640;0;640;640;640;640;0;0;0;0;0;0;0;0;0;0;0;0;0;0;0;0;0;0;0;0;0;0;0;0;0;0;0;0;0;0;0;0;0;0;0;0;0;0;0;0;0;0;0;0;0;0;0;0;0;0;0;0;0;0;0;0;0;640;640;640;640;0;640;640;640;640;640;640;640;640;640;640;0;640;640;640;640;640;640;640;640;640;640;0;640;640;640;640;640;640;640;640;640;640;0;640;640;640;640;640;640;640;640;640;640;0;640;640;640;640;640;640;640;640;640;640;640;0;0;0;0;0;0
0;0;0;0;0;0;0;0;0;0;0;0;0;0;0;0;0;0;0;0;0;0;0;0;0;0;0;0;0;0;0;0;0;0;0;0;0;0;0;0;0;0;0;0;0;0;0;0;0;0;0;0;0;0;0;0;0;0;0;0;0;0;0;0;0;0;0;0;0;0;0;640;640;0;640;0;0;0;0;0;0;0;0;640;0;640;0;0;0;0;0;0;0;0;640;0;640;0;0;0;0;0;0;0;0;640;0;640;0;0;0;0;0;0;0;0;640;0;640;0;0;0;0;0;0;0;0;640;0;640;640;640;640;0;0;0;0;0;0;0;0;0;0;0;0;0;0;0;0;0;0;0;0;0;0;0;0;0;0;0;0;0;0;0;0;0;0;0;0;0;0;0;0;0;0;0;0;0;0;0;0;0;0;0;0;0;0;0;0;0;640;640;640;640;0;640;0;0;0;0;0;0;0;0;640;0;640;0;0;0;0;0;0;0;0;640;0;640;0;0;0;0;0;0;0;0;640;0;640;0;0;0;0;0;0;0;0;640;0;640;0;0;0;0;0;0;0;0;640;640;0;0;0;0;0;0
0;0;0;0;0;0;0;0;0;0;0;0;0;0;0;0;0;0;0;0;0;0;0;0;0;0;0;0;0;0;0;0;0;0;0;0;0;0;0;0;0;0;0;0;0;0;0;0;0;0;0;0;0;0;0;0;0;0;0;0;0;0;0;0;0;0;0;0;0;0;0;640;640;0;640;0;0;0;0;0;0;0;0;640;0;640;0;0;0;0;0;0;0;0;640;0;640;0;0;0;0;0;0;0;0;640;0;640;0;0;0;0;0;0;0;0;640;0;640;0;0;0;0;0;0;0;0;640;0;640;640;640;640;0;0;0;0;0;0;0;0;0;0;0;0;0;0;0;0;0;0;0;0;0;0;0;0;0;0;0;0;0;0;0;0;0;0;0;0;0;0;0;0;0;0;0;0;0;0;0;0;0;0;0;0;0;0;0;0;0;640;640;640;640;0;640;0;0;0;0;0;0;0;0;640;0;640;0;0;0;0;0;0;0;0;640;0;640;0;0;0;0;0;0;0;0;640;0;640;0;0;0;0;0;0;0;0;640;0;640;0;0;0;0;0;0;0;0;640;640;0;0;0;0;0;0
0;0;0;0;0;0;0;0;0;0;0;0;0;0;0;0;0;0;0;0;0;0;0;0;0;0;0;0;0;0;0;0;0;0;0;0;0;0;0;0;0;0;0;0;0;0;0;0;0;0;0;0;0;0;0;0;0;0;0;0;0;0;0;0;0;0;0;0;0;0;0;640;640;0;640;0;0;0;0;0;0;0;0;640;0;640;0;0;0;0;0;0;0;0;640;0;640;0;0;0;0;0;0;0;0;640;0;640;0;0;0;0;0;0;0;0;640;0;640;0;0;0;0;0;0;0;0;640;0;640;640;640;640;0;0;0;0;0;0;0;0;0;0;0;0;0;0;0;0;0;0;0;0;0;0;0;0;0;0;0;0;0;0;0;0;0;0;0;0;0;0;0;0;0;0;0;0;0;0;0;0;0;0;0;0;0;0;0;0;0;640;640;640;640;0;640;0;0;0;0;0;0;0;0;640;0;640;0;0;0;0;0;0;0;0;640;0;640;0;0;0;0;0;0;0;0;640;0;640;0;0;0;0;0;0;0;0;640;0;640;0;0;0;0;0;0;0;0;640;640;0;0;0;0;0;0
0;0;0;0;0;0;0;0;0;0;0;0;0;0;0;0;0;0;0;0;0;0;0;0;0;0;0;0;0;0;0;0;0;0;0;0;0;0;0;0;0;0;0;0;0;0;0;0;0;0;0;0;0;0;0;0;0;0;0;0;0;0;0;0;0;0;0;0;0;0;0;640;640;0;640;0;0;0;0;0;0;0;0;640;0;640;0;0;0;0;0;0;0;0;640;0;640;0;0;0;0;0;0;0;0;640;0;640;0;0;0;0;0;0;0;0;640;0;640;0;0;0;0;0;0;0;0;640;0;640;640;640;640;0;0;0;0;0;0;0;0;0;0;0;0;0;0;0;0;0;0;0;0;0;0;0;0;0;0;0;0;0;0;0;0;0;0;0;0;0;0;0;0;0;0;0;0;0;0;0;0;0;0;0;0;0;0;0;0;0;640;640;640;640;0;640;0;0;0;0;0;0;0;0;640;0;640;0;0;0;0;0;0;0;0;640;0;640;0;0;0;0;0;0;0;0;640;0;640;0;0;0;0;0;0;0;0;640;0;640;0;0;0;0;0;0;0;0;640;640;0;0;0;0;0;0
0;0;0;0;0;0;0;0;0;0;0;0;0;0;0;0;0;0;0;0;0;0;0;0;0;0;0;0;0;0;0;0;0;0;0;0;0;0;0;0;0;0;0;0;0;0;0;0;0;0;0;0;0;0;0;0;0;0;0;0;0;0;0;0;0;0;0;0;0;0;0;640;640;0;640;0;0;0;0;0;0;0;0;640;0;640;0;0;0;0;0;0;0;0;640;0;640;0;0;0;0;0;0;0;0;640;0;640;0;0;0;0;0;0;0;0;640;0;640;0;0;0;0;0;0;0;0;640;0;478;479;478;479;0;0;0;0;0;0;0;0;0;0;0;0;0;0;0;0;0;0;0;0;0;0;0;0;0;0;0;0;0;0;0;0;0;0;0;0;0;0;0;0;0;0;0;0;0;0;0;0;0;0;0;0;0;0;0;0;0;478;479;478;479;0;640;0;0;0;0;0;0;0;0;640;0;640;0;0;0;0;0;0;0;0;640;0;640;0;0;0;0;0;0;0;0;640;0;640;0;0;0;0;0;0;0;0;640;0;640;0;0;0;0;0;0;0;0;640;640;0;0;0;0;0;0
0;0;0;0;0;0;0;0;0;0;0;0;0;0;0;0;0;0;0;0;0;0;0;0;0;0;0;0;0;0;0;0;0;0;0;0;0;0;0;0;0;0;0;0;0;0;0;0;0;0;0;0;0;0;0;0;0;0;0;0;0;0;0;0;0;0;0;0;0;0;0;640;640;0;640;640;640;0;0;0;0;0;0;640;0;640;640;640;0;0;0;0;0;0;640;0;640;640;640;0;0;0;0;0;0;640;0;640;640;640;0;0;0;0;0;0;640;0;640;640;640;0;0;0;0;0;0;640;0;640;640;640;640;0;0;0;0;0;0;0;0;0;0;0;0;0;0;0;0;0;0;0;0;0;0;0;0;0;0;0;0;0;0;0;0;0;0;0;0;0;0;0;0;0;0;0;0;0;0;0;0;0;0;0;0;0;0;0;0;0;640;640;640;640;0;640;640;640;0;0;0;0;0;0;640;0;640;640;640;0;0;0;0;0;0;640;0;640;640;640;0;0;0;0;0;0;640;0;640;640;640;0;0;0;0;0;0;640;0;640;640;640;0;0;0;0;0;0;640;640;0;0;0;0;0;0
0;0;0;0;0;0;0;0;0;0;0;0;0;0;0;0;0;0;0;0;0;0;0;0;0;0;0;0;0;0;0;0;0;0;0;0;0;0;0;0;0;0;0;0;0;0;0;0;0;0;0;0;0;0;0;0;0;0;0;0;0;0;0;0;0;0;0;0;0;0;0;640;640;0;640;0;0;0;0;0;0;0;0;640;0;640;0;0;0;0;0;0;0;0;640;0;640;0;0;0;0;0;0;0;0;640;0;640;0;0;0;0;0;0;0;0;640;0;640;0;0;0;0;0;0;0;0;640;0;640;640;640;640;0;0;0;0;0;0;0;0;0;0;0;0;0;0;0;0;0;0;0;0;0;0;0;0;0;0;0;0;0;0;0;0;0;0;0;0;0;0;0;0;0;0;0;0;0;0;0;0;0;0;0;0;0;0;0;0;0;640;640;640;640;0;640;0;0;0;0;0;0;0;0;640;0;640;0;0;0;0;0;0;0;0;640;0;640;0;0;0;0;0;0;0;0;640;0;640;0;0;0;0;0;0;0;0;640;0;640;0;0;0;0;0;0;0;0;640;640;0;0;0;0;0;0
0;0;0;0;0;0;0;0;0;0;0;0;0;0;0;0;0;0;0;0;0;0;0;0;0;0;0;0;0;0;0;0;0;0;0;0;0;0;0;0;0;0;0;0;0;0;0;0;0;0;0;0;0;0;0;0;0;0;0;0;0;0;0;0;0;0;0;0;0;0;0;640;640;0;640;640;640;0;0;0;0;0;0;640;0;640;640;640;0;0;0;0;0;0;640;0;640;640;640;0;0;0;0;0;0;640;0;640;640;640;0;0;0;0;0;0;640;0;640;640;640;0;0;0;0;0;0;640;0;640;640;640;640;0;0;0;0;0;0;0;0;0;0;0;0;0;0;0;0;0;0;0;0;0;0;0;0;0;0;0;0;0;0;0;0;0;0;0;0;0;0;0;0;0;0;0;0;0;0;0;0;0;0;0;0;0;0;0;0;0;640;640;640;640;0;640;640;640;0;0;0;0;0;0;640;0;640;640;640;0;0;0;0;0;0;640;0;640;640;640;0;0;0;0;0;0;640;0;640;640;640;0;0;0;0;0;0;640;0;640;640;640;0;0;0;0;0;0;640;640;0;0;0;0;0;0
0;0;0;0;0;0;0;0;0;0;0;0;0;0;0;0;0;0;0;0;0;0;0;0;0;0;0;0;0;0;0;0;0;0;0;0;0;0;0;0;0;0;0;0;0;0;0;0;0;0;0;0;0;0;0;0;0;0;0;0;0;0;0;0;0;0;0;0;0;0;0;640;640;0;640;640;640;640;640;640;640;640;266;640;0;640;640;640;640;640;640;640;640;266;640;0;640;640;640;640;640;640;640;640;266;640;0;640;640;640;640;640;640;640;640;266;640;0;640;640;640;640;640;640;640;640;266;640;0;640;640;640;640;0;0;0;0;0;0;0;0;0;0;0;0;0;0;0;0;0;0;0;0;0;0;0;0;0;0;0;0;0;0;0;0;0;0;0;0;0;0;0;0;0;0;0;0;0;0;0;0;0;0;0;0;0;0;0;0;0;640;640;640;640;0;640;640;640;640;640;640;640;640;266;640;0;640;640;640;640;640;640;640;640;266;640;0;640;640;640;640;640;640;640;640;266;640;0;640;640;640;640;640;640;640;640;266;640;0;640;640;640;640;640;640;640;640;266;640;640;0;0;0;0;0;0
0;0;0;0;0;0;0;0;0;0;0;0;0;0;0;0;0;0;0;0;0;0;0;0;0;0;0;0;0;0;0;0;0;0;0;0;0;0;0;0;0;0;0;0;0;0;0;0;0;0;0;0;0;0;0;0;0;0;0;0;0;0;0;0;0;0;0;0;0;0;0;640;640;0;0;0;0;0;0;0;0;0;0;0;0;0;0;0;0;0;0;0;0;0;0;0;0;0;0;0;0;0;0;0;0;0;0;0;0;0;0;0;0;0;0;0;0;0;0;0;0;0;0;0;0;0;0;0;0;640;640;640;640;0;0;0;0;0;0;0;0;0;0;0;0;0;0;0;0;0;0;0;0;0;0;0;0;0;0;0;0;0;0;0;0;0;0;0;0;0;0;0;0;0;0;0;0;0;0;0;0;0;0;0;0;0;0;0;0;0;640;640;640;640;0;0;0;0;0;0;0;0;0;0;0;0;0;0;0;0;0;0;0;0;0;0;0;0;0;0;0;0;0;0;0;0;0;0;0;0;0;0;0;0;0;0;0;0;0;0;0;0;0;0;0;0;0;0;0;640;640;0;0;0;0;0
0;0;0;0;0;0;0;0;0;0;0;0;0;0;0;0;0;0;0;0;0;0;0;0;0;0;0;0;0;0;0;0;0;0;0;0;0;0;0;0;0;0;0;0;0;0;0;0;0;0;0;0;0;0;0;0;0;0;0;0;0;0;0;0;0;0;0;0;0;0;0;640;640;0;0;0;0;0;0;0;0;0;0;0;0;0;0;0;0;0;0;0;0;0;0;0;0;0;0;0;0;0;0;0;0;0;0;0;0;0;0;0;0;0;0;0;0;0;0;0;0;0;0;0;0;0;0;0;0;640;640;640;640;0;0;0;0;0;0;0;0;0;0;0;0;0;0;0;0;0;0;0;0;0;0;0;0;0;0;0;0;0;0;0;0;0;0;0;0;0;0;0;0;0;0;0;0;0;0;0;0;0;0;0;0;0;0;0;0;0;640;640;640;640;0;0;0;0;0;0;0;0;0;0;0;0;0;0;0;0;0;0;0;0;0;0;0;0;0;0;0;0;0;0;0;0;0;0;0;0;0;0;0;0;0;0;0;0;0;0;0;0;0;0;0;0;0;0;0;640;640;0;0;0;0;0
0;0;0;0;0;0;0;0;0;0;0;0;0;0;0;0;0;0;0;0;0;0;0;0;0;0;0;0;0;0;0;0;0;0;0;0;0;0;0;0;0;0;0;0;0;0;0;0;0;0;0;0;0;0;0;0;0;0;0;0;0;0;0;0;0;0;0;0;0;0;0;640;640;0;0;0;0;0;0;0;0;0;0;0;0;0;0;0;0;0;0;0;0;0;0;0;0;0;0;0;0;0;0;0;0;0;0;0;0;0;0;0;0;0;0;0;0;0;0;0;0;0;0;0;0;0;0;0;0;478;479;478;479;0;0;0;0;0;0;0;0;0;0;0;0;0;0;0;0;0;0;0;0;0;0;0;0;0;0;0;0;0;0;0;0;0;0;0;0;0;0;0;0;0;0;0;0;0;0;0;0;0;0;0;0;0;0;0;0;0;478;479;478;479;0;0;0;0;0;0;0;0;0;0;0;0;0;0;0;0;0;0;0;0;0;0;0;0;0;0;0;0;0;0;0;0;0;0;0;0;0;0;0;0;0;0;0;0;0;0;0;0;0;0;0;0;0;0;0;640;640;0;0;0;0;0
0;0;0;0;0;0;0;0;0;0;0;0;0;0;0;0;0;0;0;0;0;0;0;0;0;0;0;0;0;0;0;0;0;0;0;0;0;0;0;0;0;0;0;0;0;0;0;0;0;0;0;0;0;0;0;0;0;0;0;0;0;0;0;0;0;0;0;0;0;0;0;640;640;0;640;640;640;640;640;640;640;640;640;640;0;640;640;640;640;640;640;640;640;640;640;0;640;640;640;640;640;640;640;640;640;640;0;640;640;640;640;640;640;640;640;640;640;0;640;640;640;640;640;640;640;640;640;640;0;640;640;640;640;0;0;0;0;0;0;0;0;0;0;0;0;0;0;0;0;0;0;0;0;0;0;0;0;0;0;0;0;0;0;0;0;0;0;0;0;0;0;0;0;0;0;0;0;0;0;0;0;0;0;0;0;0;0;0;0;0;640;640;640;640;0;640;640;640;640;640;640;640;640;640;640;0;640;640;640;640;640;640;640;640;640;640;0;640;640;640;640;640;640;640;640;640;640;0;640;640;640;640;640;640;640;640;640;640;0;640;640;640;640;640;640;640;640;640;640;640;0;0;0;0;0;0
0;0;0;0;0;0;0;0;0;0;0;0;0;0;0;0;0;0;0;0;0;0;0;0;0;0;0;0;0;0;0;0;0;0;0;0;0;0;0;0;0;0;0;0;0;0;0;0;0;0;0;0;0;0;0;0;0;0;0;0;0;0;0;0;0;0;0;0;0;0;0;640;640;0;640;0;0;0;0;0;0;0;0;640;0;640;0;0;0;0;0;0;0;0;640;0;640;0;0;0;0;0;0;0;0;640;0;640;0;0;0;0;0;0;0;0;640;0;640;0;0;0;0;0;0;0;0;640;0;640;640;640;640;0;0;0;0;0;0;0;640;640;640;640;640;640;640;640;640;640;478;479;640;640;640;640;640;640;640;640;640;478;479;640;640;640;640;640;640;640;640;640;478;479;640;640;640;640;640;640;640;640;0;0;0;0;0;0;0;0;640;640;640;640;0;640;0;0;0;0;0;0;0;0;640;0;640;0;0;0;0;0;0;0;0;640;0;640;0;0;0;0;0;0;0;0;640;0;640;0;0;0;0;0;0;0;0;640;0;640;0;0;0;0;0;0;0;0;640;640;0;0;0;0;0;0
0;0;0;0;0;0;0;0;0;0;0;0;0;0;0;0;0;0;0;0;0;0;0;0;0;0;0;0;0;0;0;0;0;0;0;0;0;0;0;0;0;0;0;0;0;0;0;0;0;0;0;0;0;0;0;0;0;0;0;0;0;0;0;0;0;0;0;0;0;0;0;640;640;0;640;0;0;0;0;0;0;0;0;640;0;640;0;0;0;0;0;0;0;0;640;0;640;0;0;0;0;0;0;0;0;640;0;640;0;0;0;0;0;0;0;0;640;0;640;0;0;0;0;0;0;0;0;640;0;640;640;640;640;0;0;0;0;0;0;0;640;640;640;640;640;640;640;640;640;640;0;0;640;640;640;640;640;640;640;640;640;0;0;640;640;640;640;640;640;640;640;640;0;0;640;640;640;640;640;640;640;640;0;0;0;0;0;0;0;0;640;640;640;640;0;640;0;0;0;0;0;0;0;0;640;0;640;0;0;0;0;0;0;0;0;640;0;640;0;0;0;0;0;0;0;0;640;0;640;0;0;0;0;0;0;0;0;640;0;640;0;0;0;0;0;0;0;0;640;640;0;0;0;0;0;0
0;0;0;0;0;0;0;0;0;0;0;0;0;0;0;0;0;0;0;0;0;0;0;0;0;0;0;0;0;0;0;0;0;0;0;0;0;0;0;0;0;0;0;0;0;0;0;0;0;0;0;0;0;0;0;0;0;0;0;0;0;0;0;0;0;0;0;0;0;0;0;640;640;0;640;0;0;0;0;0;0;0;0;640;0;640;0;0;0;0;0;0;0;0;640;0;640;0;0;0;0;0;0;0;0;640;0;640;0;0;0;0;0;0;0;0;640;0;640;0;0;0;0;0;0;0;0;640;0;640;640;640;640;0;0;0;0;0;0;0;640;640;0;0;0;0;0;0;0;0;0;0;0;0;0;0;0;0;0;0;0;0;0;0;0;0;0;0;0;0;0;0;0;0;0;0;0;0;0;0;640;640;0;0;0;0;0;0;0;0;640;640;640;640;0;640;0;0;0;0;0;0;0;0;640;0;640;0;0;0;0;0;0;0;0;640;0;640;0;0;0;0;0;0;0;0;640;0;640;0;0;0;0;0;0;0;0;640;0;640;0;0;0;0;0;0;0;0;640;640;0;0;0;0;0;0
0;0;0;0;0;0;0;0;0;0;0;0;0;0;0;0;0;0;0;0;0;0;0;0;0;0;0;0;0;0;0;0;0;0;0;0;0;0;0;0;0;0;0;0;0;0;0;0;0;0;0;0;0;0;0;0;0;0;0;0;0;0;0;0;0;0;0;0;0;0;0;640;640;0;640;0;0;0;0;0;0;0;0;640;0;640;0;0;0;0;0;0;0;0;640;0;640;0;0;0;0;0;0;0;0;640;0;640;0;0;0;0;0;0;0;0;640;0;640;0;0;0;0;0;0;0;0;640;0;640;640;640;640;0;0;0;0;0;0;0;640;640;0;0;0;0;0;0;0;0;0;0;0;0;0;0;0;0;0;0;0;0;0;0;0;0;0;0;0;0;0;0;0;0;0;0;0;0;0;0;640;640;0;0;0;0;0;0;0;0;640;640;640;640;0;640;0;0;0;0;0;0;0;0;640;0;640;0;0;0;0;0;0;0;0;640;0;640;0;0;0;0;0;0;0;0;640;0;640;0;0;0;0;0;0;0;0;640;0;640;0;0;0;0;0;0;0;0;640;640;0;0;0;0;0;0
0;0;0;0;0;0;0;0;0;0;0;0;0;0;0;0;0;0;0;0;0;0;0;0;0;0;0;0;0;0;0;0;0;0;0;0;0;0;0;0;0;0;0;0;0;0;0;0;0;0;0;0;0;0;0;0;0;0;0;0;0;0;0;0;0;0;0;0;0;0;0;640;640;0;640;0;0;0;0;0;0;0;0;640;0;640;0;0;0;0;0;0;0;0;640;0;640;0;0;0;0;0;0;0;0;640;0;640;0;0;0;0;0;0;0;0;640;0;640;0;0;0;0;0;0;0;0;640;0;640;640;640;640;0;0;0;0;0;0;0;640;640;0;0;0;0;0;0;0;0;0;0;0;0;0;0;0;0;0;0;0;0;0;0;0;0;0;0;0;0;0;0;0;0;0;0;0;0;0;0;640;640;0;0;0;0;0;0;0;0;640;640;640;640;0;640;0;0;0;0;0;0;0;0;640;0;640;0;0;0;0;0;0;0;0;640;0;640;0;0;0;0;0;0;0;0;640;0;640;0;0;0;0;0;0;0;0;640;0;640;0;0;0;0;0;0;0;0;640;640;0;0;0;0;0;0
0;0;0;0;0;0;0;0;0;0;0;0;0;0;0;0;0;0;0;0;0;0;0;0;0;0;0;0;0;0;0;0;0;0;0;0;0;0;0;0;0;0;0;0;0;0;0;0;0;0;0;0;0;0;0;0;0;0;0;0;0;0;0;0;0;0;0;0;0;0;0;640;640;0;640;640;640;0;0;0;0;0;0;640;0;640;640;640;0;0;0;0;0;0;640;0;640;640;640;0;0;0;0;0;0;640;0;640;640;640;0;0;0;0;0;0;640;0;640;640;640;0;0;0;0;0;0;640;0;478;479;478;479;0;0;0;0;0;0;0;640;640;0;0;0;0;184;0;0;0;184;0;0;0;184;0;0;0;184;0;0;0;0;0;0;640;0;0;640;0;0;640;0;0;640;0;0;640;0;0;640;640;0;0;0;0;0;0;0;0;478;479;478;479;0;640;640;640;0;0;0;0;0;0;640;0;640;640;640;0;0;0;0;0;0;640;0;640;640;640;0;0;0;0;0;0;640;0;640;640;640;0;0;0;0;0;0;640;0;640;640;640;0;0;0;0;0;0;640;640;0;0;0;0;0;0
0;0;0;0;0;0;0;0;0;0;0;0;0;0;0;0;0;0;0;0;0;0;0;0;0;0;0;0;0;0;0;0;0;0;0;0;0;0;0;0;0;0;0;0;0;0;0;0;0;0;0;0;0;0;0;0;0;0;0;0;0;0;0;0;0;0;0;0;0;0;0;640;640;0;640;0;0;0;0;0;0;0;0;640;0;640;0;0;0;0;0;0;0;0;640;0;640;0;0;0;0;0;0;0;0;640;0;640;0;0;0;0;0;0;0;0;640;0;640;0;0;0;0;0;0;0;0;640;0;640;640;640;640;0;0;0;0;0;0;0;640;640;0;0;0;0;184;0;0;0;184;0;0;0;184;0;0;0;184;0;0;0;0;0;0;640;0;0;640;0;0;640;0;0;640;0;0;640;0;0;640;640;0;0;0;0;0;0;0;0;640;640;640;640;0;640;0;0;0;0;0;0;0;0;640;0;640;0;0;0;0;0;0;0;0;640;0;640;0;0;0;0;0;0;0;0;640;0;640;0;0;0;0;0;0;0;0;640;0;640;0;0;0;0;0;0;0;0;640;640;0;0;0;0;0;0
0;0;0;0;0;0;0;0;0;0;0;0;0;0;0;0;0;0;0;0;0;0;0;0;0;0;0;0;0;0;0;0;0;0;0;0;0;0;0;0;0;0;0;0;0;0;0;0;0;0;0;0;0;0;0;0;0;0;0;0;0;0;0;0;0;0;0;0;0;0;0;640;640;0;640;640;640;0;0;0;0;0;0;640;0;640;640;640;0;0;0;0;0;0;640;0;640;640;640;0;0;0;0;0;0;640;0;640;640;640;0;0;0;0;0;0;640;0;640;640;640;0;0;0;0;0;0;640;0;640;640;640;640;0;0;0;0;0;0;0;640;640;0;0;0;0;184;0;0;0;184;0;0;0;184;0;0;0;184;0;0;0;0;0;0;640;0;0;640;0;0;640;0;0;640;0;0;640;0;0;640;640;0;0;0;0;0;0;0;0;640;640;640;640;0;640;640;640;0;0;0;0;0;0;640;0;640;640;640;0;0;0;0;0;0;640;0;640;640;640;0;0;0;0;0;0;640;0;640;640;640;0;0;0;0;0;0;640;0;640;640;640;0;0;0;0;0;0;640;640;0;0;0;0;0;0
0;0;0;0;0;0;0;0;0;0;0;0;0;0;0;0;0;0;0;0;0;0;0;0;0;0;0;0;0;0;0;0;0;0;0;0;0;0;0;0;0;0;0;0;0;0;0;0;0;0;0;0;0;0;0;0;0;0;0;0;0;0;0;0;0;0;0;0;0;0;0;640;640;0;640;640;640;640;640;640;640;640;266;640;0;640;640;640;640;640;640;640;640;266;640;0;640;640;640;640;640;640;640;640;266;640;0;640;640;640;640;640;640;640;640;266;640;0;640;640;640;640;640;640;640;640;266;640;0;640;640;640;640;0;0;0;0;0;0;0;640;640;0;0;0;0;184;0;0;0;184;0;0;0;184;0;0;0;184;0;0;0;0;0;0;640;0;0;640;0;0;640;0;0;640;0;0;640;0;0;640;640;0;0;0;0;0;0;0;0;640;640;640;640;0;640;640;640;640;640;640;640;640;266;640;0;640;640;640;640;640;640;640;640;266;640;0;640;640;640;640;640;640;640;640;266;640;0;640;640;640;640;640;640;640;640;266;640;0;640;640;640;640;640;640;640;640;266;640;640;0;0;0;0;0;0
0;0;0;0;0;0;0;0;0;0;0;0;0;0;0;0;0;0;0;0;0;0;0;0;0;0;0;0;0;0;0;0;0;0;0;0;0;0;0;0;0;0;0;0;0;0;0;0;0;0;0;0;0;0;0;0;0;0;0;0;0;0;0;0;0;0;0;0;0;0;0;640;640;0;0;0;0;0;0;0;0;0;0;0;0;0;0;0;0;0;0;0;0;0;0;0;0;0;0;0;0;0;0;0;0;0;0;0;0;0;0;0;0;0;0;0;0;0;0;0;0;0;0;0;0;0;0;0;0;640;640;640;640;0;0;0;0;0;0;0;640;640;0;0;0;0;184;0;0;0;184;0;0;0;184;0;0;0;184;0;0;0;0;0;0;640;0;0;640;0;0;640;0;0;640;0;0;640;0;0;640;640;0;0;0;0;0;0;0;0;640;640;640;640;0;0;0;0;0;0;0;0;0;0;0;0;0;0;0;0;0;0;0;0;0;0;0;0;0;0;0;0;0;0;0;0;0;0;0;0;0;0;0;0;0;0;0;0;0;0;0;0;0;0;0;0;0;0;0;640;640;0;0;0;0;0
0;0;0;0;0;0;0;0;0;0;0;0;0;0;0;0;0;0;0;0;0;0;0;0;0;0;0;0;0;0;0;0;0;0;0;0;0;0;0;0;0;0;0;0;0;0;0;0;0;0;0;0;0;0;0;0;0;0;0;0;0;0;0;0;0;0;0;0;0;0;0;640;640;0;0;0;0;0;0;0;0;0;0;0;0;0;0;0;0;0;0;0;0;0;0;0;0;0;0;0;0;0;0;0;0;0;0;0;0;0;0;0;0;0;0;0;0;0;0;0;0;0;0;0;0;0;0;0;0;640;640;640;640;0;0;0;0;0;0;0;640;640;0;0;0;0;184;0;0;0;184;0;0;0;184;0;0;0;184;0;0;0;0;0;0;640;0;0;640;0;0;640;0;0;640;0;0;640;0;0;640;640;0;0;0;0;0;0;0;0;640;640;640;640;0;0;0;0;0;0;0;0;0;0;0;0;0;0;0;0;0;0;0;0;0;0;0;0;0;0;0;0;0;0;0;0;0;0;0;0;0;0;0;0;0;0;0;0;0;0;0;0;0;0;0;0;0;0;0;640;640;0;0;0;0;0
0;0;0;0;0;0;0;0;0;0;0;0;0;0;0;0;0;0;0;0;0;0;0;0;0;0;0;0;0;0;0;0;0;0;0;0;0;0;0;0;0;0;0;0;0;0;0;0;0;0;0;0;0;0;0;0;0;0;0;0;0;0;0;0;0;0;0;0;0;0;0;640;640;0;0;0;0;0;0;0;0;0;0;0;0;0;0;0;0;0;0;0;0;0;0;0;0;0;0;0;0;0;0;0;0;0;0;0;0;0;0;0;0;0;0;0;0;0;0;0;0;0;0;0;0;0;0;0;0;640;640;640;640;0;0;0;0;0;0;0;640;640;0;0;0;0;184;0;0;0;184;0;0;0;184;0;0;0;184;0;0;0;0;0;0;640;0;0;640;0;0;640;0;0;640;0;0;640;0;0;640;640;0;0;0;0;0;0;0;0;640;640;640;640;0;0;0;0;0;0;0;0;0;0;0;0;0;0;0;0;0;0;0;0;0;0;0;0;0;0;0;0;0;0;0;0;0;0;0;0;0;0;0;0;0;0;0;0;0;0;0;0;0;0;0;0;0;0;0;640;640;0;0;0;0;0
0;0;0;0;0;0;0;0;0;0;0;0;0;0;0;0;0;0;0;0;0;0;0;0;0;0;0;0;0;0;0;0;0;0;0;0;0;0;0;0;0;0;0;0;0;0;0;0;0;0;0;0;0;0;0;0;0;0;0;0;0;0;0;0;0;0;0;0;0;0;0;640;640;0;640;640;640;640;640;640;640;640;640;640;0;640;640;640;640;640;640;640;640;640;640;0;640;640;640;640;640;640;640;640;640;640;0;640;640;640;640;640;640;640;640;640;640;0;640;640;640;640;640;640;640;640;640;640;0;478;479;478;479;0;0;0;0;0;0;0;640;640;0;0;0;0;184;0;0;0;184;0;0;0;184;0;0;0;184;0;0;0;0;0;0;640;0;0;640;0;0;640;0;0;640;0;0;640;0;0;640;640;0;0;0;0;0;0;0;0;478;479;478;479;0;640;640;640;640;640;640;640;640;640;640;0;640;640;640;640;640;640;640;640;640;640;0;640;640;640;640;640;640;640;640;640;640;0;640;640;640;640;640;640;640;640;640;640;0;640;640;640;640;640;640;640;640;640;640;640;0;0;0;0;0;0
0;0;0;0;0;0;0;0;0;0;0;0;0;0;0;0;0;0;0;0;0;0;0;0;0;0;0;0;0;0;0;0;0;0;0;0;0;0;0;0;0;0;0;0;0;0;0;0;0;0;0;0;0;0;0;0;0;0;0;0;0;0;0;0;0;0;0;0;0;0;0;640;640;0;640;0;0;0;0;0;0;0;0;640;0;640;0;0;0;0;0;0;0;0;640;0;640;0;0;0;0;0;0;0;0;640;0;640;0;0;0;0;0;0;0;0;640;0;640;0;0;0;0;0;0;0;0;640;0;640;640;640;640;0;0;0;0;0;0;0;640;640;0;0;0;0;184;0;0;0;184;0;0;0;184;0;0;0;184;0;0;0;0;0;0;640;0;0;640;0;0;640;0;0;640;0;0;640;0;0;640;640;0;0;0;0;0;0;0;0;640;640;640;640;0;640;0;0;0;0;0;0;0;0;640;0;640;0;0;0;0;0;0;0;0;640;0;640;0;0;0;0;0;0;0;0;640;0;640;0;0;0;0;0;0;0;0;640;0;640;0;0;0;0;0;0;0;0;640;640;0;0;0;0;0;0
0;0;0;0;0;0;0;0;0;0;0;0;0;0;0;0;0;0;0;0;0;0;0;0;0;0;0;0;0;0;0;0;0;0;0;0;0;0;0;0;0;0;0;0;0;0;0;0;0;0;0;0;0;0;0;0;0;0;0;0;0;0;0;0;0;0;0;0;0;0;0;640;640;0;640;0;0;0;0;0;0;0;0;640;0;640;0;0;0;0;0;0;0;0;640;0;640;0;0;0;0;0;0;0;0;640;0;640;0;0;0;0;0;0;0;0;640;0;640;0;0;0;0;0;0;0;0;640;0;640;640;640;640;0;0;0;0;0;0;0;640;640;0;0;0;0;184;0;0;0;184;0;0;0;184;0;0;0;184;0;0;0;0;0;0;640;0;0;640;0;0;640;0;0;640;0;0;640;0;0;640;640;0;0;0;0;0;0;0;0;640;640;640;640;0;640;0;0;0;0;0;0;0;0;640;0;640;0;0;0;0;0;0;0;0;640;0;640;0;0;0;0;0;0;0;0;640;0;640;0;0;0;0;0;0;0;0;640;0;640;0;0;0;0;0;0;0;0;640;640;0;0;0;0;0;0
0;0;0;0;0;0;0;0;0;0;0;0;0;0;0;0;0;0;0;0;0;0;0;0;0;0;0;0;0;0;0;0;0;0;0;0;0;0;0;0;0;0;0;0;0;0;0;0;0;0;0;0;0;0;0;0;0;0;0;0;0;0;0;0;0;0;0;0;0;0;0;640;640;0;640;0;0;0;0;0;0;0;0;640;0;640;0;0;0;0;0;0;0;0;640;0;640;0;0;0;0;0;0;0;0;640;0;640;0;0;0;0;0;0;0;0;640;0;640;0;0;0;0;0;0;0;0;640;0;640;640;640;640;0;0;0;0;0;0;0;640;640;0;0;0;0;184;0;0;0;184;0;0;0;184;0;0;0;184;0;0;0;0;0;0;640;0;0;640;0;0;640;0;0;640;0;0;640;0;0;640;640;0;0;0;0;0;0;0;0;640;640;640;640;0;640;0;0;0;0;0;0;0;0;640;0;640;0;0;0;0;0;0;0;0;640;0;640;0;0;0;0;0;0;0;0;640;0;640;0;0;0;0;0;0;0;0;640;0;640;0;0;0;0;0;0;0;0;640;640;0;0;0;0;0;0
0;0;0;0;0;0;0;0;0;0;0;0;0;0;0;0;0;0;0;0;0;0;0;0;0;0;0;0;0;0;0;0;0;0;0;0;0;0;0;0;0;0;0;0;0;0;0;0;0;0;0;0;0;0;0;0;0;0;0;0;0;0;0;0;0;0;0;0;0;0;0;640;640;0;640;0;0;0;0;0;0;0;0;640;0;640;0;0;0;0;0;0;0;0;640;0;640;0;0;0;0;0;0;0;0;640;0;640;0;0;0;0;0;0;0;0;640;0;640;0;0;0;0;0;0;0;0;640;0;640;640;640;640;0;0;0;0;0;0;0;640;640;0;0;0;0;184;0;0;0;184;0;0;0;184;0;0;0;184;0;0;0;0;0;0;640;0;0;640;0;0;640;0;0;640;0;0;640;0;0;640;640;0;0;0;0;0;0;0;0;640;640;640;640;0;640;0;0;0;0;0;0;0;0;640;0;640;0;0;0;0;0;0;0;0;640;0;640;0;0;0;0;0;0;0;0;640;0;640;0;0;0;0;0;0;0;0;640;0;640;0;0;0;0;0;0;0;0;640;640;0;0;0;0;0;0
0;0;0;0;0;0;0;0;0;0;0;0;0;0;0;0;0;0;0;0;0;0;0;0;0;0;0;0;0;0;0;0;0;0;0;0;0;0;0;0;0;0;0;0;0;0;0;0;0;0;0;0;0;0;0;0;0;0;0;0;0;0;0;0;0;0;0;0;0;0;0;640;640;0;640;0;0;0;0;0;0;0;0;640;0;640;0;0;0;0;0;0;0;0;640;0;640;0;0;0;0;0;0;0;0;640;0;640;0;0;0;0;0;0;0;0;640;0;640;0;0;0;0;0;0;0;0;640;0;640;640;640;640;0;0;0;0;0;0;0;640;640;0;0;0;0;184;0;0;0;184;0;0;0;184;0;0;0;184;0;0;0;0;0;0;640;0;0;640;0;0;640;0;0;640;0;0;640;0;0;640;640;0;0;0;0;0;0;0;0;640;640;640;640;0;640;0;0;0;0;0;0;0;0;640;0;640;0;0;0;0;0;0;0;0;640;0;640;0;0;0;0;0;0;0;0;640;0;640;0;0;0;0;0;0;0;0;640;0;640;0;0;0;0;0;0;0;0;640;640;0;0;0;0;0;0
0;0;0;0;0;0;0;0;0;0;0;0;0;0;0;0;0;0;0;0;0;0;0;0;0;0;0;0;0;0;0;0;0;0;0;0;0;0;0;0;0;0;0;0;0;0;0;0;0;0;0;0;0;0;0;0;0;0;0;0;0;0;0;0;0;0;0;0;0;0;0;640;640;0;640;640;640;0;0;0;0;0;0;640;0;640;640;640;0;0;0;0;0;0;640;0;640;640;640;0;0;0;0;0;0;640;0;640;640;640;0;0;0;0;0;0;640;0;640;640;640;0;0;0;0;0;0;640;0;640;640;640;640;0;0;0;0;0;0;0;640;640;0;0;0;0;184;0;0;0;184;0;0;0;184;0;0;0;184;0;0;0;0;0;0;640;0;0;640;0;0;640;0;0;640;0;0;640;0;0;640;640;0;0;0;0;0;0;0;0;640;640;640;640;0;640;640;640;0;0;0;0;0;0;640;0;640;640;640;0;0;0;0;0;0;640;0;640;640;640;0;0;0;0;0;0;640;0;640;640;640;0;0;0;0;0;0;640;0;640;640;640;0;0;0;0;0;0;640;640;0;0;0;0;0;0
0;0;0;0;0;0;0;0;0;0;0;0;0;0;0;0;0;0;0;0;0;0;0;0;0;0;0;0;0;0;0;0;0;0;0;0;0;0;0;0;0;0;0;0;0;0;0;0;0;0;0;0;0;0;0;0;0;0;0;0;0;0;0;0;0;0;0;0;0;0;0;640;640;0;640;0;0;0;0;0;0;0;0;640;0;640;0;0;0;0;0;0;0;0;640;0;640;0;0;0;0;0;0;0;0;640;0;640;0;0;0;0;0;0;0;0;640;0;640;0;0;0;0;0;0;0;0;640;0;478;479;478;479;0;0;0;0;0;0;0;640;640;0;0;0;0;184;0;0;0;184;0;0;0;184;0;0;0;184;0;0;0;0;0;0;640;0;0;640;0;0;640;0;0;640;0;0;640;0;0;640;640;0;0;0;0;0;0;0;0;478;479;478;479;0;640;0;0;0;0;0;0;0;0;640;0;640;0;0;0;0;0;0;0;0;640;0;640;0;0;0;0;0;0;0;0;640;0;640;0;0;0;0;0;0;0;0;640;0;640;0;0;0;0;0;0;0;0;640;640;0;0;0;0;0;0
0;0;0;0;0;0;0;0;0;0;0;0;0;0;0;0;0;0;0;0;0;0;0;0;0;0;0;0;0;0;0;0;0;0;0;0;0;0;0;0;0;0;0;0;0;0;0;0;0;0;0;0;0;0;0;0;0;0;0;0;0;0;0;0;0;0;0;0;0;0;0;640;640;0;640;640;640;0;0;0;0;0;0;640;0;640;640;640;0;0;0;0;0;0;640;0;640;640;640;0;0;0;0;0;0;640;0;640;640;640;0;0;0;0;0;0;640;0;640;640;640;0;0;0;0;0;0;640;0;640;640;640;640;0;0;0;0;0;0;0;640;640;0;0;0;0;184;0;0;0;184;0;0;0;184;0;0;0;184;0;0;0;0;0;0;640;0;0;640;0;0;640;0;0;640;0;0;640;0;0;640;640;0;0;0;0;0;0;0;0;640;640;640;640;0;640;640;640;0;0;0;0;0;0;640;0;640;640;640;0;0;0;0;0;0;640;0;640;640;640;0;0;0;0;0;0;640;0;640;640;640;0;0;0;0;0;0;640;0;640;640;640;0;0;0;0;0;0;640;640;0;0;0;0;0;0
0;0;0;0;0;0;0;0;0;0;0;0;0;0;0;0;0;0;0;0;0;0;0;0;0;0;0;0;0;0;0;0;0;0;0;0;0;0;0;0;0;0;0;0;0;0;0;0;0;0;0;0;0;0;0;0;0;0;0;0;0;0;0;0;0;0;0;0;0;0;0;640;640;0;640;640;640;640;640;640;640;640;266;640;0;640;640;640;640;640;640;640;640;266;640;0;640;640;640;640;640;640;640;640;266;640;0;640;640;640;640;640;640;640;640;266;640;0;640;640;640;640;640;640;640;640;266;640;0;640;640;640;640;0;0;0;0;0;0;0;640;640;0;0;0;0;184;0;0;0;184;0;0;0;184;0;0;0;184;0;0;0;0;0;0;640;0;0;640;0;0;640;0;0;640;0;0;640;0;0;640;640;0;0;0;0;0;0;0;0;640;640;640;640;0;640;640;640;640;640;640;640;640;266;640;0;640;640;640;640;640;640;640;640;266;640;0;640;640;640;640;640;640;640;640;266;640;0;640;640;640;640;640;640;640;640;266;640;0;640;640;640;640;640;640;640;640;266;640;640;640;0;0;0;0;0
0;0;0;0;0;0;0;0;0;0;0;0;0;0;0;0;0;0;0;0;0;0;0;0;0;0;0;0;0;0;0;0;0;0;0;0;0;0;0;0;0;0;0;0;0;0;0;0;0;0;0;0;0;0;0;0;0;0;0;0;0;0;0;0;0;0;0;0;0;0;0;640;640;0;0;0;0;0;0;0;0;0;0;0;0;0;0;0;0;0;0;0;0;0;0;0;0;0;0;0;0;0;0;0;0;0;0;0;0;0;0;0;0;0;0;0;0;0;0;0;0;0;0;0;0;0;0;0;0;640;640;640;640;0;0;0;0;0;0;0;640;640;0;0;0;0;184;0;0;0;184;0;0;0;184;0;0;0;184;0;0;0;0;0;0;640;0;0;640;0;0;640;0;0;640;0;0;640;0;0;640;640;0;0;0;0;0;0;0;0;640;640;640;640;0;0;0;0;0;0;0;0;0;0;0;0;0;0;0;0;0;0;0;0;0;0;0;0;0;0;0;0;0;0;0;0;0;0;0;0;0;0;0;0;0;0;0;0;0;0;0;0;0;0;0;0;0;0;0;640;640;0;0;0;0;0
0;0;0;0;0;0;0;0;0;0;0;0;0;0;0;0;0;0;0;0;0;0;0;0;0;0;0;0;0;0;0;0;0;0;0;0;0;0;0;0;0;0;0;0;0;0;0;0;0;0;0;0;0;0;0;0;0;0;0;0;0;0;0;0;0;0;0;0;0;0;0;640;640;0;0;0;0;0;0;0;0;0;0;0;0;0;0;0;0;0;0;0;0;0;0;0;0;0;0;0;0;0;0;0;0;0;0;0;0;0;0;0;0;0;0;0;0;0;0;0;0;0;0;0;0;0;0;0;0;640;640;640;640;0;0;0;0;0;0;0;640;640;0;0;0;0;0;0;0;0;0;0;0;0;0;0;0;0;0;0;0;0;0;0;0;0;0;0;0;0;0;0;0;0;0;0;0;0;0;0;640;640;0;0;0;0;0;0;0;0;640;640;640;640;0;0;0;0;0;0;0;0;0;0;0;0;0;0;0;0;0;0;0;0;0;0;0;0;0;0;0;0;0;0;0;0;0;0;0;0;0;0;0;0;0;0;0;0;0;0;0;0;0;0;0;0;0;0;0;640;640;0;0;0;0;0
0;0;0;0;0;0;0;0;0;0;0;0;0;0;0;0;0;0;0;0;0;0;0;0;0;0;0;0;0;0;0;0;0;0;0;0;0;0;0;0;0;0;0;0;0;0;0;0;0;0;0;0;0;0;0;0;0;0;0;0;0;0;0;0;0;0;0;0;0;0;0;640;640;0;0;0;0;0;0;0;0;0;0;0;0;0;0;0;0;0;0;0;0;0;0;0;0;0;0;0;0;0;0;0;0;0;0;0;0;0;0;0;0;0;0;0;0;0;0;0;0;0;0;0;0;0;0;0;0;640;640;640;640;0;0;0;0;0;0;0;640;640;0;0;0;0;0;0;0;0;0;0;0;0;0;0;0;0;0;0;0;0;0;0;0;0;0;0;0;0;0;0;0;0;0;0;0;0;0;0;640;640;0;0;0;0;0;0;0;0;640;640;640;640;0;0;0;0;0;0;0;0;0;0;0;0;0;0;0;0;0;0;0;0;0;0;0;0;0;0;0;0;0;0;0;0;0;0;0;0;0;0;0;0;0;0;0;0;0;0;0;0;0;0;0;0;0;0;0;640;640;0;0;0;0;0
0;0;0;0;0;0;0;0;0;0;0;0;0;0;0;0;0;0;0;0;0;0;0;0;0;0;0;0;0;0;0;0;0;0;0;0;0;0;0;0;0;0;0;0;0;0;0;0;0;0;0;0;0;0;0;0;0;0;0;0;0;0;0;0;0;0;0;0;0;0;0;640;640;0;0;0;0;0;0;0;0;0;0;0;0;0;0;0;0;0;0;0;0;0;0;0;0;0;0;0;0;0;0;0;0;0;0;0;0;0;0;0;0;0;0;0;0;0;0;0;0;0;0;0;0;0;0;0;0;640;640;640;640;0;0;0;0;0;0;0;640;640;0;0;0;0;0;0;0;0;0;0;0;0;0;0;0;0;0;0;0;0;0;0;0;0;0;0;0;0;0;0;0;0;0;0;0;0;0;0;640;640;0;0;0;0;0;0;0;0;640;640;640;640;0;0;0;0;0;0;0;0;0;0;0;0;0;0;0;0;0;0;0;0;0;0;0;0;0;0;0;0;0;0;0;0;0;0;0;0;0;0;0;0;0;0;0;0;0;0;0;0;0;0;0;0;0;0;0;640;640;0;0;0;0;0
0;0;0;0;0;0;0;0;0;0;0;0;0;0;0;0;0;0;0;0;0;0;0;0;0;0;0;0;0;0;0;0;0;0;0;0;0;0;0;0;0;0;0;0;0;0;0;0;0;0;0;0;0;0;0;0;0;0;0;0;0;0;0;0;0;0;0;0;0;0;0;640;640;640;640;640;640;640;640;640;640;640;640;640;640;640;640;640;640;640;640;640;640;640;640;640;640;640;640;640;640;640;640;640;640;640;640;640;640;640;640;640;640;640;640;640;640;640;640;640;640;640;640;640;640;640;640;640;640;640;640;640;640;640;640;640;640;640;640;640;640;640;640;640;640;640;640;640;640;640;640;640;640;640;640;640;640;640;640;640;640;640;640;640;640;640;640;640;640;640;640;640;640;640;640;640;640;640;640;640;640;640;640;640;640;640;640;640;640;640;640;640;640;640;640;640;640;640;640;640;640;640;640;640;640;640;640;640;640;640;640;640;640;640;640;640;640;640;640;640;640;640;640;640;640;640;640;640;640;640;640;640;640;640;640;640;640;640;640;640;640;640;640;640;640;640;640;640;640;640;640;0;0;0;0;0
0;0;0;0;0;0;0;0;0;0;0;0;0;0;0;0;0;0;0;0;0;0;0;0;0;0;0;0;0;0;0;0;0;0;0;0;0;0;0;0;0;0;0;0;0;0;0;0;0;0;0;0;0;0;0;0;0;0;0;0;0;0;0;0;0;0;0;0;0;0;0;640;640;640;640;640;640;640;640;640;640;640;640;640;640;640;640;640;640;640;640;640;640;640;640;640;640;640;640;640;640;640;640;640;640;640;640;640;640;640;640;640;640;640;640;640;640;640;640;640;640;640;640;640;640;640;640;640;640;640;640;640;640;640;640;640;640;640;640;640;640;640;640;640;640;640;640;640;640;640;640;640;640;640;640;640;640;640;640;640;640;640;640;640;640;640;640;640;640;640;640;640;640;640;640;640;640;640;640;640;640;640;640;640;640;640;640;640;640;640;640;640;640;640;640;640;640;640;640;640;640;640;640;640;640;640;640;640;640;640;640;640;640;640;640;640;640;640;640;640;640;640;640;640;640;640;640;640;640;640;640;640;640;640;640;640;640;640;640;640;640;640;640;640;640;640;640;640;640;640;640;0;0;0;0;0
0;0;0;0;0;0;0;0;0;0;0;0;0;0;0;0;0;0;0;0;0;0;0;0;0;0;0;0;0;0;0;0;0;0;0;0;0;0;0;0;0;0;0;0;0;0;0;0;0;0;0;0;0;0;0;0;0;0;0;0;0;0;0;0;0;0;0;0;0;0;0;0;0;0;0;0;0;0;0;0;0;0;0;0;0;0;0;0;0;0;0;0;0;0;0;0;0;0;0;0;0;0;0;0;0;0;0;0;0;0;0;0;0;0;0;0;0;0;0;0;0;0;0;0;0;0;0;0;0;0;0;0;0;0;0;0;0;0;0;0;0;0;0;0;0;0;0;0;0;0;0;0;0;0;0;0;0;0;0;0;0;0;0;0;0;0;0;0;0;0;0;0;0;0;0;0;0;0;0;0;0;0;0;0;0;0;0;0;0;0;0;0;0;0;0;0;0;0;0;0;0;0;0;0;0;0;0;0;0;0;0;0;0;0;0;0;0;0;0;0;0;0;0;0;0;0;0;0;0;0;0;0;0;0;0;0;0;0;0;0;0;0;0;0;0;0;0;0;0;0;0;0;0;0;0;0
0;0;0;0;0;0;0;0;0;0;0;0;0;0;0;0;0;0;0;0;0;0;0;0;0;0;0;0;0;0;0;0;0;0;0;0;0;0;0;0;0;0;0;0;0;0;0;0;0;0;0;0;0;0;0;0;0;0;0;0;0;0;0;0;0;0;0;0;0;0;0;0;0;0;0;0;0;0;0;0;0;0;0;0;0;0;0;0;0;0;0;0;0;0;0;0;0;0;0;0;0;0;0;0;0;0;0;0;0;0;0;0;0;0;0;0;0;0;0;0;0;0;0;0;0;0;0;0;0;0;0;0;0;0;0;0;0;0;0;0;0;0;0;0;0;0;0;0;0;0;0;0;0;0;0;0;0;0;0;0;0;0;0;0;0;0;0;0;0;0;0;0;0;0;0;0;0;0;0;0;0;0;0;0;0;0;0;0;0;0;0;0;0;0;0;0;0;0;0;0;0;0;0;0;0;0;0;0;0;0;0;0;0;0;0;0;0;0;0;0;0;0;0;0;0;0;0;0;0;0;0;0;0;0;0;0;0;0;0;0;0;0;0;0;0;0;0;0;0;0;0;0;0;0;0;0
0;0;0;0;0;0;0;0;0;0;0;0;0;0;0;0;0;0;0;0;0;0;0;0;0;0;0;0;0;0;0;0;0;0;0;0;0;0;0;0;0;0;0;0;0;0;0;0;0;0;0;0;0;0;0;0;0;0;0;0;0;0;0;0;0;0;0;0;0;0;0;0;0;0;0;0;0;0;0;0;0;0;0;0;0;0;0;0;0;0;0;0;0;0;0;0;0;0;0;0;0;0;0;0;0;0;0;0;0;0;0;0;0;0;0;0;0;0;0;0;0;0;0;0;0;0;0;0;0;0;0;0;0;0;0;0;0;0;0;0;0;0;0;0;0;0;0;0;0;0;0;0;0;0;0;0;0;0;0;0;0;0;0;0;0;0;0;0;0;0;0;0;0;0;0;0;0;0;0;0;0;0;0;0;0;0;0;0;0;0;0;0;0;0;0;0;0;0;0;0;0;0;0;0;0;0;0;0;0;0;0;0;0;0;0;0;0;0;0;0;0;0;0;0;0;0;0;0;0;0;0;0;0;0;0;0;0;0;0;0;0;0;0;0;0;0;0;0;0;0;0;0;0;0;0;0
0;0;0;0;0;0;0;0;0;0;0;0;0;0;0;0;0;0;0;0;0;0;0;0;0;0;0;0;0;0;0;0;0;0;0;0;0;0;0;0;0;0;0;0;0;0;0;0;0;0;0;0;0;0;0;0;0;0;0;0;0;0;0;0;0;0;0;0;0;0;0;0;0;0;0;0;0;0;0;0;0;0;0;0;0;0;0;0;0;0;0;0;0;0;0;0;0;0;0;0;0;0;0;0;0;0;0;0;0;0;0;0;0;0;0;0;0;0;0;0;0;0;0;0;0;0;0;0;0;0;0;0;0;0;0;0;0;0;0;0;0;0;0;0;0;0;0;0;0;0;0;0;0;0;0;0;0;0;0;0;0;0;0;0;0;0;0;0;0;0;0;0;0;0;0;0;0;0;0;0;0;0;0;0;0;0;0;0;0;0;0;0;0;0;0;0;0;0;0;0;0;0;0;0;0;0;0;0;0;0;0;0;0;0;0;0;0;0;0;0;0;0;0;0;0;0;0;0;0;0;0;0;0;0;0;0;0;0;0;0;0;0;0;0;0;0;0;0;0;0;0;0;0;0;0;0
0;0;0;0;0;0;0;0;0;0;0;0;0;0;0;0;0;0;0;0;0;0;0;0;0;0;0;0;0;0;0;0;0;0;0;0;0;0;0;0;0;0;0;0;0;0;0;0;0;0;0;0;0;0;0;0;0;0;0;0;0;0;0;0;0;0;0;0;0;0;0;0;0;0;0;0;0;0;0;0;0;0;0;0;0;0;0;0;0;0;0;0;0;0;0;0;0;0;0;0;0;0;0;0;0;0;0;0;0;0;0;0;0;0;0;0;0;0;0;0;0;0;0;0;0;0;0;0;0;0;0;0;0;0;0;0;0;0;0;0;0;0;0;0;0;0;0;0;0;0;0;0;0;0;0;0;0;0;0;0;0;0;0;0;0;0;0;0;0;0;0;0;0;0;0;0;0;0;0;0;0;0;0;0;0;0;0;0;0;0;0;0;0;0;0;0;0;0;0;0;0;0;0;0;0;0;0;0;0;0;0;0;0;0;0;0;0;0;0;0;0;0;0;0;0;0;0;0;0;0;0;0;0;0;0;0;0;0;0;0;0;0;0;0;0;0;0;0;0;0;0;0;0;0;0;0
0;0;0;0;0;0;0;0;0;0;0;0;0;0;0;0;0;0;0;0;0;0;0;0;0;0;0;0;0;0;0;0;0;0;0;0;0;0;0;0;0;0;0;0;0;0;0;0;0;0;0;0;0;0;0;0;0;0;0;0;0;0;0;0;0;0;0;0;0;0;0;0;0;0;0;0;0;0;0;0;0;0;0;0;0;0;0;0;0;0;0;0;0;0;0;0;0;0;0;0;0;0;0;0;0;0;0;0;0;0;0;0;0;0;0;0;0;0;0;0;0;0;0;0;0;0;0;0;0;0;0;0;0;0;0;0;0;0;0;0;0;0;0;0;0;0;0;0;0;0;0;0;0;0;0;0;0;0;0;0;0;0;0;0;0;0;0;0;0;0;0;0;0;0;0;0;0;0;0;0;0;0;0;0;0;0;0;0;0;0;0;0;0;0;0;0;0;0;0;0;0;0;0;0;0;0;0;0;0;0;0;0;0;0;0;0;0;0;0;0;0;0;0;0;0;0;0;0;0;0;0;0;0;0;0;0;0;0;0;0;0;0;0;0;0;0;0;0;0;0;0;0;0;0;0;0
0;0;0;0;0;0;0;0;0;0;0;0;0;0;0;0;0;0;0;0;0;0;0;0;0;0;0;0;0;0;0;0;0;0;0;0;0;0;0;0;0;0;0;0;0;0;0;0;0;0;0;0;0;0;0;0;0;0;0;0;0;0;0;0;0;0;0;0;0;0;0;0;0;0;0;0;0;0;0;0;0;0;0;0;0;0;0;0;0;0;0;0;0;0;0;0;0;0;0;0;0;0;0;0;0;0;0;0;0;0;0;0;0;0;0;0;0;0;0;0;0;0;0;0;0;0;0;0;0;0;0;0;0;0;0;0;0;0;0;0;0;0;0;0;0;0;0;0;0;0;0;0;0;0;0;0;0;0;0;0;0;0;0;0;0;0;0;0;0;0;0;0;0;0;0;0;0;0;0;0;0;0;0;0;0;0;0;0;0;0;0;0;0;0;0;0;0;0;0;0;0;0;0;0;0;0;0;0;0;0;0;0;0;0;0;0;0;0;0;0;0;0;0;0;0;0;0;0;0;0;0;0;0;0;0;0;0;0;0;0;0;0;0;0;0;0;0;0;0;0;0;0;0;0;0;0
0;0;0;0;0;0;0;0;0;0;0;0;0;0;0;0;0;0;0;0;0;0;0;0;0;0;0;0;0;0;0;0;0;0;0;0;0;0;0;0;0;0;0;0;0;0;0;0;0;0;0;0;0;0;0;0;0;0;0;0;0;0;0;0;0;0;0;0;0;0;0;0;0;0;0;0;0;0;0;0;0;0;0;0;0;0;0;0;0;0;0;0;0;0;0;0;0;0;0;0;0;0;0;0;0;0;0;0;0;0;0;0;0;0;0;0;0;0;0;0;0;0;0;0;0;0;0;0;0;0;0;0;0;0;0;0;0;0;0;0;0;0;0;0;0;0;0;0;0;0;0;0;0;0;0;0;0;0;0;0;0;0;0;0;0;0;0;0;0;0;0;0;0;0;0;0;0;0;0;0;0;0;0;0;0;0;0;0;0;0;0;0;0;0;0;0;0;0;0;0;0;0;0;0;0;0;0;0;0;0;0;0;0;0;0;0;0;0;0;0;0;0;0;0;0;0;0;0;0;0;0;0;0;0;0;0;0;0;0;0;0;0;0;0;0;0;0;0;0;0;0;0;0;0;0;0
0;0;0;0;0;0;0;0;0;0;0;0;0;0;0;0;0;0;0;0;0;0;0;0;0;0;0;0;0;0;0;0;0;0;0;0;0;0;0;0;0;0;0;0;0;0;0;0;0;0;0;0;0;0;0;0;0;0;0;0;0;0;0;0;0;0;0;0;0;0;0;0;0;0;0;0;0;0;0;0;0;0;0;0;0;0;0;0;0;0;0;0;0;0;0;0;0;0;0;0;0;0;0;0;0;0;0;0;0;0;0;0;0;0;0;0;0;0;0;0;0;0;0;0;0;0;0;0;0;0;0;0;0;0;0;0;0;0;0;0;0;0;0;0;0;0;0;0;0;0;0;0;0;0;0;0;0;0;0;0;0;0;0;0;0;0;0;0;0;0;0;0;0;0;0;0;0;0;0;0;0;0;0;0;0;0;0;0;0;0;0;0;0;0;0;0;0;0;0;0;0;0;0;0;0;0;0;0;0;0;0;0;0;0;0;0;0;0;0;0;0;0;0;0;0;0;0;0;0;0;0;0;0;0;0;0;0;0;0;0;0;0;0;0;0;0;0;0;0;0;0;0;0;0;0;0
0;0;0;0;0;0;0;0;0;0;0;0;0;0;0;0;0;0;0;0;0;0;0;0;0;0;0;0;0;0;0;0;0;0;0;0;0;0;0;0;0;0;0;0;0;0;0;0;0;0;0;0;0;0;0;0;0;0;0;0;0;0;0;0;0;0;0;0;0;0;0;0;0;0;0;0;0;0;0;0;0;0;0;0;0;0;0;0;0;0;0;0;0;0;0;0;0;0;0;0;0;0;0;0;0;0;0;0;0;0;0;0;0;0;0;0;0;0;0;0;0;0;0;0;0;0;0;0;0;0;0;0;0;0;0;0;0;0;0;0;0;0;0;0;0;0;0;0;0;0;0;0;0;0;0;0;0;0;0;0;0;0;0;0;0;0;0;0;0;0;0;0;0;0;0;0;0;0;0;0;0;0;0;0;0;0;0;0;0;0;0;0;0;0;0;0;0;0;0;0;0;0;0;0;0;0;0;0;0;0;0;0;0;0;0;0;0;0;0;0;0;0;0;0;0;0;0;0;0;0;0;0;0;0;0;0;0;0;0;0;0;0;0;0;0;0;0;0;0;0;0;0;0;0;0;0
0;0;0;0;0;0;0;0;0;0;0;0;0;0;0;0;0;0;0;0;0;0;0;0;0;0;0;0;0;0;0;0;0;0;0;0;0;0;0;0;0;0;0;0;0;0;0;0;0;0;0;0;0;0;0;0;0;0;0;0;0;0;0;0;0;0;0;0;0;0;0;0;0;0;0;0;0;0;0;0;0;0;0;0;0;0;0;0;0;0;0;0;0;0;0;0;0;0;0;0;0;0;0;0;0;0;0;0;0;0;0;0;0;0;0;0;0;0;0;0;0;0;0;0;0;0;0;0;0;0;0;0;0;0;0;0;0;0;0;0;0;0;0;0;0;0;0;0;0;0;0;0;0;0;0;0;0;0;0;0;0;0;0;0;0;0;0;0;0;0;0;0;0;0;0;0;0;0;0;0;0;0;0;0;0;0;0;0;0;0;0;0;0;0;0;0;0;0;0;0;0;0;0;0;0;0;0;0;0;0;0;0;0;0;0;0;0;0;0;0;0;0;0;0;0;0;0;0;0;0;0;0;0;0;0;0;0;0;0;0;0;0;0;0;0;0;0;0;0;0;0;0;0;0;0;0
0;0;0;0;0;0;0;0;0;0;0;0;0;0;0;0;0;0;0;0;0;0;0;0;0;0;0;0;0;0;0;0;0;0;0;0;0;0;0;0;0;0;0;0;0;0;0;0;0;0;0;0;0;0;0;0;0;0;0;0;0;0;0;0;0;0;0;0;0;0;0;0;0;0;0;0;0;0;0;0;0;0;0;0;0;0;0;0;0;0;0;0;0;0;0;0;0;0;0;0;0;0;0;0;0;0;0;0;0;0;0;0;0;0;0;0;0;0;0;0;0;0;0;0;0;0;0;0;0;0;0;0;0;0;0;0;0;0;0;0;0;0;0;0;0;0;0;0;0;0;0;0;0;0;0;0;0;0;0;0;0;0;0;0;0;0;0;0;0;0;0;0;0;0;0;0;0;0;0;0;0;0;0;0;0;0;0;0;0;0;0;0;0;0;0;0;0;0;0;0;0;0;0;0;0;0;0;0;0;0;0;0;0;0;0;0;0;0;0;0;0;0;0;0;0;0;0;0;0;0;0;0;0;0;0;0;0;0;0;0;0;0;0;0;0;0;0;0;0;0;0;0;0;0;0;0
0;0;0;0;0;0;0;0;0;0;0;0;0;0;0;0;0;0;0;0;0;0;0;0;0;0;0;0;0;0;0;0;0;0;0;0;0;0;0;0;0;0;0;0;0;0;0;0;0;0;0;0;0;0;0;0;0;0;0;0;0;0;0;0;0;0;0;0;0;0;0;0;0;0;0;0;0;0;0;0;0;0;0;0;0;0;0;0;0;0;0;0;0;0;0;0;0;0;0;0;0;0;0;0;0;0;0;0;0;0;0;0;0;0;0;0;0;0;0;0;0;0;0;0;0;0;0;0;0;0;0;0;0;0;0;0;0;0;0;0;0;0;0;0;0;0;0;0;0;0;0;0;0;0;0;0;0;0;0;0;0;0;0;0;0;0;0;0;0;0;0;0;0;0;0;0;0;0;0;0;0;0;0;0;0;0;0;0;0;0;0;0;0;0;0;0;0;0;0;0;0;0;0;0;0;0;0;0;0;0;0;0;0;0;0;0;0;0;0;0;0;0;0;0;0;0;0;0;0;0;0;0;0;0;0;0;0;0;0;0;0;0;0;0;0;0;0;0;0;0;0;0;0;0;0;0
