678,678,678,678,678,678,678,678,678,678,678,678,678,678,678,678,678,678,678,678,678,678,678,678,678,678,678,678,678,678,678,678,-1,-1,-1,678,678,678,678,678,678,678,678,678,678,678,678,678,678,678,678,678,678,678,678,678,678,678,678,678,678,678,678,678,678,678,-1,-1,-1,-1,-1,-1,-1,-1,-1,-1,-1,-1,-1,-1,-1,-1,-1,-1,-1,-1,-1,-1,-1,-1,-1,-1,-1
678,678,678,678,678,678,678,678,678,678,678,678,678,678,678,678,678,678,678,678,678,678,678,678,678,678,678,678,678,678,678,678,-1,-1,-1,678,678,678,678,678,678,678,678,678,678,678,678,678,678,678,678,678,678,678,678,678,678,678,678,678,678,678,678,678,678,678,-1,-1,-1,-1,-1,-1,-1,-1,-1,-1,-1,-1,-1,-1,-1,-1,-1,-1,-1,-1,-1,-1,-1,-1,-1,-1,-1
678,678,-1,-1,-1,-1,-1,-1,-1,678,-1,-1,-1,-1,-1,-1,-1,-1,-1,-1,-1,-1,-1,-1,-1,-1,-1,678,-1,-1,-1,678,-1,-1,-1,-1,-1,-1,678,-1,-1,-1,-1,-1,-1,-1,-1,-1,678,-1,-1,-1,-1,-1,-1,-1,-1,-1,-1,-1,-1,-1,-1,-1,678,678,-1,-1,-1,-1,-1,-1,-1,-1,-1,-1,-1,-1,-1,-1,-1,-1,-1,-1,-1,-1,-1,-1,-1,-1,-1,-1,-1
678,678,-1,-1,-1,-1,-1,-1,-1,678,-1,-1,-1,-1,-1,-1,-1,-1,-1,-1,-1,-1,-1,-1,-1,-1,-1,678,-1,-1,-1,678,-1,-1,-1,-1,-1,-1,678,-1,-1,-1,-1,-1,-1,-1,-1,-1,678,-1,-1,-1,-1,-1,-1,-1,-1,-1,-1,-1,-1,-1,-1,-1,678,678,-1,-1,-1,-1,-1,-1,-1,-1,-1,-1,-1,-1,-1,-1,-1,-1,-1,-1,-1,-1,-1,-1,-1,-1,-1,-1,-1
678,678,-1,-1,-1,-1,-1,-1,-1,678,-1,-1,-1,-1,-1,-1,-1,-1,-1,-1,-1,-1,-1,-1,-1,-1,-1,678,-1,-1,-1,678,-1,-1,-1,-1,-1,-1,678,-1,-1,-1,-1,-1,-1,-1,-1,-1,678,-1,-1,-1,-1,-1,-1,-1,-1,-1,-1,-1,-1,-1,-1,-1,678,678,-1,-1,-1,-1,-1,-1,-1,-1,-1,-1,-1,-1,-1,-1,-1,-1,-1,-1,-1,-1,-1,-1,-1,-1,-1,-1,-1
678,678,678,678,678,678,-1,-1,-1,678,-1,-1,-1,678,678,678,678,678,678,678,678,678,678,678,678,678,678,678,-1,-1,-1,678,-1,-1,-1,678,678,678,678,-1,-1,-1,-1,678,-1,-1,-1,-1,678,-1,-1,-1,678,-1,-1,-1,678,-1,-1,-1,678,-1,-1,-1,678,678,-1,-1,-1,-1,-1,-1,-1,-1,-1,-1,-1,-1,-1,-1,-1,-1,-1,-1,-1,-1,-1,-1,-1,-1,-1,-1,-1
678,678,-1,-1,-1,-1,-1,-1,-1,678,-1,-1,-1,-1,-1,-1,-1,-1,-1,-1,-1,-1,-1,-1,-1,-1,-1,678,-1,-1,-1,678,-1,-1,-1,-1,-1,-1,678,-1,-1,-1,-1,678,-1,-1,-1,-1,678,-1,-1,-1,678,-1,-1,-1,678,-1,-1,-1,678,-1,-1,-1,678,678,-1,-1,-1,-1,-1,-1,-1,-1,-1,-1,-1,-1,-1,-1,-1,-1,-1,-1,-1,-1,-1,-1,-1,-1,-1,-1,-1
678,678,-1,-1,-1,-1,-1,-1,-1,678,-1,-1,-1,-1,-1,-1,-1,-1,-1,-1,-1,-1,-1,-1,-1,-1,-1,678,-1,-1,-1,678,-1,-1,-1,-1,-1,-1,678,-1,-1,-1,-1,678,-1,-1,-1,-1,-1,-1,-1,-1,678,-1,-1,-1,678,-1,-1,-1,678,-1,-1,-1,678,678,-1,-1,-1,-1,-1,-1,-1,-1,-1,-1,-1,-1,-1,-1,-1,-1,-1,-1,-1,-1,-1,-1,-1,-1,-1,-1,-1
678,678,-1,-1,-1,678,678,678,678,678,678,678,678,678,678,678,678,678,678,678,678,678,-1,-1,-1,-1,-1,678,-1,-1,-1,678,-1,-1,-1,-1,-1,-1,678,-1,-1,-1,-1,678,-1,-1,-1,-1,-1,-1,-1,-1,678,-1,-1,-1,678,678,678,678,678,-1,-1,-1,678,678,-1,-1,-1,-1,-1,-1,-1,-1,-1,-1,-1,-1,-1,-1,-1,-1,-1,-1,-1,-1,-1,-1,-1,-1,-1,-1,-1
678,678,-1,-1,-1,678,-1,-1,-1,-1,-1,-1,678,-1,-1,-1,-1,-1,-1,-1,-1,678,-1,-1,-1,-1,-1,678,-1,-1,-1,678,-1,-1,-1,-1,-1,-1,678,-1,-1,-1,-1,678,-1,-1,-1,-1,-1,-1,-1,-1,678,-1,-1,-1,678,-1,-1,-1,-1,-1,-1,-1,678,678,-1,-1,-1,-1,-1,-1,-1,-1,-1,-1,-1,-1,-1,-1,-1,-1,-1,-1,-1,-1,-1,-1,-1,-1,-1,-1,-1
678,678,-1,-1,-1,678,-1,-1,-1,-1,-1,-1,678,-1,-1,-1,-1,-1,-1,-1,-1,678,-1,-1,-1,-1,-1,678,-1,-1,-1,678,678,678,678,-1,-1,-1,678,-1,-1,-1,-1,678,-1,-1,-1,-1,678,678,678,678,678,-1,-1,-1,678,-1,-1,-1,-1,-1,-1,-1,678,678,-1,-1,-1,-1,-1,-1,-1,-1,-1,-1,-1,-1,-1,-1,-1,-1,-1,-1,-1,-1,-1,-1,-1,-1,-1,-1,-1
678,678,-1,-1,-1,678,-1,-1,-1,-1,-1,-1,678,-1,-1,-1,-1,-1,-1,-1,-1,678,-1,-1,-1,-1,-1,678,-1,-1,-1,678,-1,-1,-1,-1,-1,-1,-1,-1,-1,-1,-1,678,-1,-1,-1,-1,-1,-1,-1,-1,678,-1,-1,-1,678,-1,-1,-1,-1,-1,-1,-1,678,678,-1,-1,-1,-1,-1,-1,-1,-1,-1,-1,-1,-1,-1,-1,-1,-1,-1,-1,-1,-1,-1,-1,-1,-1,-1,-1,-1
678,678,-1,-1,-1,678,-1,-1,-1,678,-1,-1,678,-1,-1,678,678,678,678,678,678,678,-1,-1,-1,-1,-1,678,-1,-1,-1,678,-1,-1,-1,-1,-1,-1,-1,-1,-1,-1,-1,678,-1,-1,-1,-1,-1,-1,-1,-1,678,-1,-1,-1,678,-1,-1,-1,678,-1,-1,-1,678,678,-1,-1,-1,-1,-1,-1,-1,-1,-1,-1,-1,-1,-1,-1,-1,-1,-1,-1,-1,-1,-1,-1,-1,-1,-1,-1,-1
678,678,-1,-1,-1,678,-1,-1,-1,678,-1,-1,678,-1,-1,678,-1,-1,-1,-1,-1,678,-1,-1,-1,-1,-1,678,-1,-1,-1,678,-1,-1,-1,-1,-1,-1,-1,-1,-1,-1,-1,678,-1,-1,-1,-1,-1,-1,-1,-1,678,-1,-1,-1,678,-1,-1,-1,678,-1,-1,-1,678,678,-1,-1,-1,-1,-1,-1,-1,-1,-1,-1,-1,-1,-1,-1,-1,-1,-1,-1,-1,-1,-1,-1,-1,-1,-1,-1,-1
678,678,-1,-1,-1,-1,-1,-1,-1,678,-1,-1,678,-1,-1,678,-1,-1,-1,-1,-1,678,-1,-1,-1,-1,-1,678,-1,-1,-1,678,-1,-1,-1,678,678,678,678,678,678,678,678,678,678,678,678,678,678,678,678,678,678,678,678,678,678,-1,-1,-1,678,-1,-1,-1,678,678,-1,-1,-1,-1,-1,-1,-1,-1,-1,-1,-1,-1,-1,-1,-1,-1,-1,-1,-1,-1,-1,-1,-1,-1,-1,-1,-1
678,678,-1,-1,-1,-1,-1,-1,-1,678,-1,-1,678,-1,-1,-1,-1,-1,-1,-1,-1,678,-1,-1,-1,-1,-1,-1,-1,-1,-1,678,-1,-1,-1,678,-1,-1,-1,-1,-1,-1,-1,-1,-1,-1,-1,-1,-1,-1,-1,-1,-1,-1,-1,-1,-1,-1,-1,-1,678,-1,-1,-1,678,678,-1,-1,-1,-1,-1,-1,-1,-1,-1,-1,-1,-1,-1,-1,-1,-1,-1,-1,-1,-1,-1,-1,-1,-1,-1,-1,-1
678,678,-1,-1,-1,-1,-1,-1,-1,678,-1,-1,678,-1,-1,-1,-1,-1,-1,-1,-1,678,-1,-1,-1,-1,-1,-1,-1,-1,-1,678,-1,-1,-1,678,-1,-1,-1,-1,-1,-1,-1,-1,-1,-1,-1,-1,-1,-1,-1,-1,-1,-1,-1,-1,-1,-1,-1,-1,678,678,678,678,678,678,-1,-1,-1,-1,-1,-1,-1,-1,-1,-1,-1,-1,-1,-1,-1,-1,-1,-1,-1,-1,-1,-1,-1,-1,-1,-1,-1
678,678,678,678,678,678,-1,-1,-1,678,678,678,678,678,678,678,678,678,-1,-1,-1,678,678,678,678,678,678,678,678,678,678,678,-1,-1,-1,678,-1,-1,-1,-1,-1,-1,-1,-1,-1,-1,-1,-1,-1,-1,-1,-1,-1,-1,-1,-1,-1,-1,-1,-1,-1,-1,-1,-1,678,678,-1,-1,-1,-1,-1,-1,-1,-1,-1,-1,-1,-1,-1,-1,-1,-1,-1,-1,-1,-1,-1,-1,-1,-1,-1,-1,-1
678,678,-1,-1,-1,678,-1,-1,-1,-1,-1,-1,-1,-1,-1,-1,-1,-1,-1,-1,-1,678,-1,-1,-1,-1,-1,-1,-1,-1,-1,678,-1,-1,-1,678,-1,-1,-1,678,-1,-1,-1,678,678,678,678,678,678,678,678,678,678,678,678,678,678,-1,-1,-1,-1,-1,-1,-1,678,678,-1,-1,-1,-1,-1,-1,-1,-1,-1,-1,-1,-1,-1,-1,-1,-1,-1,-1,-1,-1,-1,-1,-1,-1,-1,-1,-1
678,678,-1,-1,-1,678,-1,-1,-1,-1,-1,-1,-1,-1,-1,-1,-1,-1,-1,-1,-1,678,-1,-1,-1,-1,-1,-1,-1,-1,-1,678,-1,-1,-1,678,678,678,678,678,-1,-1,-1,678,-1,-1,-1,-1,-1,-1,-1,-1,-1,-1,-1,-1,678,-1,-1,-1,-1,-1,-1,-1,678,678,-1,-1,-1,-1,-1,-1,-1,-1,-1,-1,-1,-1,-1,-1,-1,-1,-1,-1,-1,-1,-1,-1,-1,-1,-1,-1,-1
678,678,-1,-1,-1,678,678,678,678,-1,-1,-1,-1,-1,-1,-1,678,-1,-1,678,678,678,-1,-1,-1,-1,-1,678,-1,-1,-1,678,-1,-1,-1,-1,-1,-1,-1,678,-1,-1,-1,678,-1,-1,-1,-1,-1,-1,-1,-1,-1,-1,-1,-1,678,678,678,678,678,678,678,678,678,678,-1,-1,-1,-1,-1,-1,-1,-1,-1,-1,-1,-1,-1,-1,-1,-1,-1,-1,-1,-1,-1,-1,-1,-1,-1,-1,-1
678,678,-1,-1,-1,-1,-1,-1,678,-1,-1,-1,-1,-1,-1,-1,678,-1,-1,-1,-1,-1,-1,-1,-1,-1,-1,678,-1,-1,-1,678,-1,-1,-1,-1,-1,-1,-1,678,-1,-1,-1,678,-1,-1,-1,-1,-1,-1,-1,-1,-1,-1,-1,-1,678,-1,-1,-1,-1,-1,-1,-1,678,678,-1,-1,-1,-1,-1,-1,-1,-1,-1,-1,-1,-1,-1,-1,-1,-1,-1,-1,-1,-1,-1,-1,-1,-1,-1,-1,-1
678,678,-1,-1,-1,-1,-1,-1,678,-1,-1,-1,-1,-1,-1,-1,678,-1,-1,-1,-1,-1,-1,-1,-1,-1,-1,678,-1,-1,-1,678,-1,-1,-1,-1,-1,-1,-1,678,-1,-1,-1,678,-1,-1,-1,678,678,678,678,678,678,-1,-1,-1,678,-1,-1,-1,-1,-1,-1,-1,678,678,-1,-1,-1,-1,-1,-1,-1,-1,-1,-1,-1,-1,-1,-1,-1,-1,-1,-1,-1,-1,-1,-1,-1,-1,-1,-1,-1
678,678,-1,-1,-1,-1,-1,-1,678,-1,-1,-1,-1,-1,-1,-1,678,-1,-1,-1,-1,-1,-1,-1,-1,-1,-1,678,-1,-1,-1,678,678,678,678,678,678,678,678,678,-1,-1,-1,678,-1,-1,-1,678,-1,-1,-1,-1,678,-1,-1,-1,678,-1,-1,-1,-1,-1,-1,-1,678,678,-1,-1,-1,-1,-1,-1,-1,-1,-1,-1,-1,-1,-1,-1,-1,-1,-1,-1,-1,-1,-1,-1,-1,-1,-1,-1,-1
678,678,678,678,678,-1,-1,-1,678,-1,-1,-1,-1,-1,-1,-1,678,-1,-1,-1,-1,-1,-1,-1,-1,-1,-1,678,-1,-1,-1,-1,-1,-1,-1,-1,-1,-1,-1,-1,-1,-1,-1,678,-1,-1,-1,678,-1,-1,-1,-1,678,-1,-1,-1,678,-1,-1,-1,-1,-1,-1,-1,678,678,-1,-1,-1,-1,-1,-1,-1,-1,-1,-1,-1,-1,-1,-1,-1,-1,-1,-1,-1,-1,-1,-1,-1,-1,-1,-1,-1
678,678,-1,-1,-1,-1,-1,-1,678,-1,-1,-1,-1,-1,-1,-1,678,678,678,678,678,678,678,678,678,678,678,678,678,678,678,678,678,678,678,678,678,678,678,678,678,678,678,678,-1,-1,-1,678,-1,-1,-1,-1,-1,-1,-1,-1,-1,-1,-1,-1,678,-1,-1,-1,678,678,-1,-1,-1,-1,-1,-1,-1,-1,-1,-1,-1,-1,-1,-1,-1,-1,-1,-1,-1,-1,-1,-1,-1,-1,-1,-1,-1
678,678,-1,-1,-1,-1,-1,-1,678,-1,-1,-1,-1,-1,-1,-1,-1,-1,-1,-1,-1,-1,-1,-1,-1,-1,-1,-1,-1,-1,-1,678,-1,-1,-1,-1,-1,-1,-1,-1,-1,-1,-1,-1,-1,-1,-1,678,-1,-1,-1,-1,-1,-1,-1,-1,-1,-1,-1,-1,678,-1,-1,-1,678,678,-1,-1,-1,-1,-1,-1,-1,-1,-1,-1,-1,-1,-1,-1,-1,-1,-1,-1,-1,-1,-1,-1,-1,-1,-1,-1,-1
678,678,-1,-1,-1,-1,-1,-1,678,-1,-1,-1,-1,-1,-1,-1,-1,-1,-1,-1,-1,-1,-1,-1,-1,-1,-1,-1,-1,-1,-1,678,-1,-1,-1,-1,-1,-1,-1,-1,-1,-1,-1,-1,-1,-1,-1,678,-1,-1,-1,-1,-1,-1,-1,-1,-1,-1,-1,-1,678,-1,-1,-1,678,678,-1,-1,-1,-1,-1,-1,-1,-1,-1,-1,-1,-1,-1,-1,-1,-1,-1,-1,-1,-1,-1,-1,-1,-1,-1,-1,-1
678,678,-1,-1,678,-1,-1,-1,678,-1,-1,-1,678,678,678,678,678,678,-1,-1,-1,678,-1,-1,-1,-1,-1,-1,-1,-1,-1,678,-1,-1,-1,-1,678,678,678,678,678,678,678,678,678,678,678,678,678,678,678,678,678,678,678,678,678,678,678,678,678,-1,-1,-1,678,678,-1,-1,-1,-1,-1,-1,-1,-1,-1,-1,-1,-1,-1,-1,-1,-1,-1,-1,-1,-1,-1,-1,-1,-1,-1,-1,-1
678,678,-1,-1,678,-1,-1,-1,678,-1,-1,-1,678,-1,-1,-1,-1,-1,-1,-1,-1,678,-1,-1,-1,-1,-1,678,678,678,678,678,-1,-1,-1,-1,-1,-1,-1,-1,-1,-1,678,-1,-1,-1,678,-1,-1,-1,-1,-1,-1,-1,-1,-1,678,-1,-1,-1,-1,-1,-1,-1,678,678,-1,-1,-1,-1,-1,-1,-1,-1,-1,-1,-1,-1,-1,-1,-1,-1,-1,-1,-1,-1,-1,-1,-1,-1,-1,-1,-1
678,678,-1,-1,678,-1,-1,-1,678,-1,-1,-1,678,-1,-1,-1,-1,-1,-1,-1,-1,678,-1,-1,-1,-1,-1,-1,-1,-1,-1,678,-1,-1,-1,-1,-1,-1,-1,-1,-1,-1,678,-1,-1,-1,678,-1,-1,-1,-1,-1,-1,-1,-1,-1,678,-1,-1,-1,-1,-1,-1,-1,678,678,-1,-1,-1,-1,-1,-1,-1,-1,-1,-1,-1,-1,-1,-1,-1,-1,-1,-1,-1,-1,-1,-1,-1,-1,-1,-1,-1
678,678,-1,-1,678,-1,-1,-1,678,-1,-1,-1,678,-1,-1,-1,-1,-1,-1,-1,-1,678,-1,-1,-1,-1,-1,-1,-1,-1,-1,678,-1,-1,-1,-1,-1,-1,-1,-1,-1,-1,678,-1,-1,-1,678,-1,-1,-1,-1,-1,-1,-1,-1,-1,678,-1,-1,-1,-1,-1,-1,-1,678,678,-1,-1,-1,-1,-1,-1,-1,-1,-1,-1,-1,-1,-1,-1,-1,-1,-1,-1,-1,-1,-1,-1,-1,-1,-1,-1,-1
678,678,-1,-1,678,-1,-1,-1,678,-1,-1,-1,678,678,678,678,678,678,678,678,678,678,678,678,678,678,-1,-1,-1,-1,-1,678,-1,-1,-1,-1,-1,678,-1,-1,-1,-1,678,-1,-1,-1,678,-1,-1,678,678,678,678,-1,-1,-1,678,-1,-1,-1,-1,-1,-1,-1,678,678,-1,-1,-1,-1,-1,-1,-1,-1,-1,-1,-1,-1,-1,-1,-1,-1,-1,-1,-1,-1,-1,-1,-1,-1,-1,-1,-1
678,678,-1,-1,678,-1,-1,-1,-1,-1,-1,-1,678,-1,-1,-1,-1,-1,-1,-1,-1,678,-1,-1,-1,678,-1,-1,-1,-1,-1,-1,-1,-1,-1,-1,-1,678,-1,-1,-1,-1,678,-1,-1,-1,678,-1,-1,-1,-1,-1,678,-1,-1,-1,678,678,678,678,678,-1,-1,-1,678,678,-1,-1,-1,-1,-1,-1,-1,-1,-1,-1,-1,-1,-1,-1,-1,-1,-1,-1,-1,-1,-1,-1,-1,-1,-1,-1,-1
678,678,-1,-1,678,-1,-1,-1,-1,-1,-1,-1,678,-1,-1,-1,-1,-1,-1,-1,-1,678,-1,-1,-1,678,-1,-1,-1,-1,-1,-1,-1,-1,-1,-1,-1,678,-1,-1,-1,-1,678,-1,-1,-1,678,-1,-1,-1,-1,-1,678,-1,-1,-1,-1,-1,-1,-1,-1,-1,-1,-1,639,678,-1,-1,-1,-1,-1,-1,-1,-1,-1,-1,-1,-1,-1,-1,-1,-1,-1,-1,-1,-1,-1,-1,-1,-1,-1,-1,-1
678,678,-1,-1,678,-1,-1,-1,-1,-1,-1,-1,678,-1,-1,-1,-1,-1,-1,-1,-1,678,-1,-1,-1,678,-1,-1,-1,-1,-1,-1,-1,-1,-1,-1,-1,678,-1,-1,-1,-1,678,-1,-1,-1,678,-1,-1,-1,-1,-1,678,-1,-1,-1,-1,-1,-1,-1,-1,-1,-1,-1,678,678,-1,-1,-1,-1,-1,-1,-1,-1,-1,-1,-1,-1,-1,-1,-1,-1,-1,-1,-1,-1,-1,-1,-1,-1,-1,-1,-1
678,678,-1,-1,678,-1,-1,-1,-1,-1,-1,-1,678,-1,-1,-1,-1,678,-1,-1,-1,678,-1,-1,-1,678,678,678,678,678,678,678,678,678,678,678,678,678,-1,-1,-1,-1,678,-1,-1,-1,678,-1,-1,678,678,678,678,678,678,678,678,678,678,678,678,678,678,678,678,678,-1,-1,-1,-1,-1,-1,-1,-1,-1,-1,-1,-1,-1,-1,-1,-1,-1,-1,-1,-1,-1,-1,-1,-1,-1,-1,-1
678,678,-1,-1,678,-1,-1,-1,-1,-1,-1,-1,678,-1,-1,-1,-1,678,-1,-1,-1,678,-1,-1,-1,-1,-1,-1,-1,-1,-1,678,-1,-1,-1,-1,-1,-1,-1,-1,-1,-1,678,-1,-1,-1,678,-1,-1,-1,-1,-1,-1,-1,-1,678,-1,-1,-1,-1,-1,-1,-1,-1,678,678,-1,-1,-1,-1,-1,-1,-1,-1,-1,-1,-1,-1,-1,-1,-1,-1,-1,-1,-1,-1,-1,-1,-1,-1,-1,-1,-1
678,678,-1,-1,678,678,678,678,678,678,678,678,678,-1,-1,-1,-1,678,-1,-1,-1,678,-1,-1,-1,-1,-1,-1,-1,-1,-1,678,-1,-1,-1,-1,-1,-1,-1,-1,-1,-1,678,-1,-1,-1,-1,-1,-1,-1,-1,-1,-1,-1,-1,678,-1,-1,-1,-1,-1,-1,-1,-1,678,678,-1,-1,-1,-1,-1,-1,-1,-1,-1,-1,-1,-1,-1,-1,-1,-1,-1,-1,-1,-1,-1,-1,-1,-1,-1,-1,-1
678,678,-1,-1,-1,-1,-1,-1,-1,-1,-1,-1,-1,-1,-1,-1,-1,678,-1,-1,-1,-1,-1,-1,-1,-1,-1,-1,-1,-1,-1,678,-1,-1,-1,-1,-1,-1,-1,-1,-1,-1,678,-1,-1,-1,-1,-1,-1,-1,-1,-1,-1,-1,-1,678,-1,-1,-1,-1,678,-1,-1,-1,678,678,-1,-1,-1,-1,-1,-1,-1,-1,-1,-1,-1,-1,-1,-1,-1,-1,-1,-1,-1,-1,-1,-1,-1,-1,-1,-1,-1
678,678,-1,-1,-1,-1,-1,-1,-1,-1,-1,-1,-1,-1,-1,-1,-1,678,-1,-1,-1,-1,-1,-1,-1,-1,-1,-1,-1,-1,-1,678,-1,-1,-1,-1,-1,-1,-1,-1,-1,-1,678,-1,-1,-1,678,678,678,678,678,678,678,678,678,678,-1,-1,-1,-1,678,-1,-1,-1,678,678,-1,-1,-1,-1,-1,-1,-1,-1,-1,-1,-1,-1,-1,-1,-1,-1,-1,-1,-1,-1,-1,-1,-1,-1,-1,-1,-1
678,678,-1,-1,-1,-1,-1,-1,-1,-1,-1,-1,-1,-1,-1,-1,-1,678,-1,-1,-1,-1,-1,-1,-1,-1,-1,-1,-1,-1,-1,678,-1,-1,-1,-1,-1,-1,-1,-1,-1,-1,678,-1,-1,-1,-1,-1,-1,-1,-1,-1,-1,-1,-1,-1,-1,-1,-1,-1,678,-1,-1,-1,678,678,-1,-1,-1,-1,-1,-1,-1,-1,-1,-1,-1,-1,-1,-1,-1,-1,-1,-1,-1,-1,-1,-1,-1,-1,-1,-1,-1
678,678,678,678,678,678,678,678,678,678,678,678,678,678,678,678,678,678,678,678,678,678,678,678,678,678,678,678,678,678,678,678,-1,-1,-1,678,678,678,678,678,678,678,678,678,678,678,678,678,678,678,678,678,678,678,678,678,678,678,678,678,678,678,678,678,678,678,-1,-1,-1,-1,-1,-1,-1,-1,-1,-1,-1,-1,-1,-1,-1,-1,-1,-1,-1,-1,-1,-1,-1,-1,-1,-1,-1
678,678,-1,-1,-1,-1,-1,-1,-1,-1,-1,-1,-1,-1,-1,-1,-1,-1,-1,-1,-1,-1,-1,-1,-1,-1,-1,-1,-1,-1,-1,-1,-1,-1,-1,-1,-1,-1,-1,-1,-1,-1,-1,-1,-1,-1,-1,-1,-1,-1,-1,-1,-1,-1,-1,-1,-1,-1,-1,-1,-1,-1,-1,-1,678,678,-1,-1,-1,-1,-1,-1,-1,-1,-1,-1,-1,-1,-1,-1,-1,-1,-1,-1,-1,-1,-1,-1,-1,-1,-1,-1,-1
678,678,-1,-1,-1,-1,-1,-1,-1,-1,-1,-1,-1,-1,-1,-1,-1,-1,-1,-1,-1,-1,-1,-1,-1,-1,-1,-1,-1,-1,-1,-1,-1,-1,-1,-1,-1,-1,-1,-1,-1,-1,-1,-1,-1,-1,-1,-1,-1,-1,-1,-1,-1,-1,-1,-1,-1,-1,-1,-1,-1,-1,-1,-1,678,678,-1,-1,-1,-1,-1,-1,-1,-1,-1,-1,-1,-1,-1,-1,-1,-1,-1,-1,-1,-1,-1,-1,-1,-1,-1,-1,-1
678,678,-1,-1,-1,-1,-1,-1,-1,-1,-1,-1,-1,-1,-1,-1,-1,-1,-1,-1,-1,-1,-1,-1,-1,-1,-1,-1,-1,-1,-1,-1,-1,-1,-1,-1,-1,-1,-1,-1,-1,-1,-1,-1,-1,-1,-1,-1,-1,-1,-1,-1,-1,-1,-1,-1,-1,-1,-1,-1,-1,-1,-1,-1,678,678,-1,-1,-1,-1,-1,-1,-1,-1,-1,-1,-1,-1,-1,-1,-1,-1,-1,-1,-1,-1,-1,-1,-1,-1,-1,-1,-1
678,678,-1,-1,-1,-1,-1,-1,-1,-1,-1,-1,-1,-1,-1,-1,-1,-1,-1,-1,-1,-1,-1,-1,-1,-1,-1,-1,-1,-1,-1,-1,-1,-1,-1,-1,-1,-1,-1,-1,-1,-1,-1,-1,-1,-1,-1,-1,-1,-1,-1,-1,-1,-1,-1,-1,-1,-1,-1,-1,-1,-1,-1,-1,678,678,-1,-1,-1,-1,-1,-1,-1,-1,-1,-1,-1,-1,-1,-1,-1,-1,-1,-1,-1,-1,-1,-1,-1,-1,-1,-1,-1
678,678,-1,-1,-1,-1,-1,-1,-1,-1,-1,-1,-1,-1,-1,-1,-1,-1,-1,-1,-1,-1,-1,-1,-1,-1,-1,-1,-1,-1,-1,-1,-1,-1,-1,-1,-1,-1,-1,-1,-1,-1,-1,-1,-1,-1,-1,-1,-1,-1,-1,-1,-1,-1,-1,-1,-1,-1,-1,-1,-1,-1,-1,-1,-1,478,-1,-1,-1,-1,-1,-1,-1,-1,-1,-1,-1,-1,-1,-1,-1,-1,-1,-1,-1,-1,-1,-1,-1,-1,-1,-1,-1
678,678,-1,-1,-1,-1,-1,-1,-1,-1,-1,-1,-1,-1,-1,-1,-1,-1,-1,-1,-1,-1,-1,-1,-1,-1,-1,-1,-1,-1,-1,-1,-1,-1,-1,-1,-1,-1,-1,-1,-1,-1,-1,-1,-1,-1,-1,-1,-1,-1,-1,-1,-1,-1,-1,-1,-1,-1,-1,-1,-1,-1,-1,-1,678,678,-1,-1,-1,-1,-1,-1,-1,-1,-1,-1,-1,-1,-1,-1,-1,-1,-1,-1,-1,-1,-1,-1,-1,-1,-1,-1,-1
678,678,-1,-1,-1,-1,-1,-1,-1,-1,-1,-1,-1,-1,-1,-1,-1,-1,-1,-1,-1,-1,-1,-1,-1,-1,-1,-1,-1,-1,-1,-1,-1,-1,-1,-1,-1,-1,-1,-1,-1,-1,-1,-1,-1,-1,-1,-1,-1,-1,-1,-1,-1,-1,-1,-1,-1,-1,-1,-1,-1,-1,-1,-1,678,678,-1,-1,-1,-1,-1,-1,-1,-1,-1,-1,-1,-1,-1,-1,-1,-1,-1,-1,-1,-1,-1,-1,-1,-1,-1,-1,-1
678,678,-1,-1,-1,-1,-1,-1,-1,-1,-1,-1,-1,-1,-1,-1,-1,-1,-1,-1,-1,-1,-1,-1,-1,-1,-1,-1,-1,-1,-1,-1,-1,-1,-1,-1,-1,-1,-1,-1,-1,-1,-1,-1,-1,-1,-1,-1,-1,-1,-1,-1,-1,-1,-1,-1,-1,-1,-1,-1,-1,-1,-1,-1,678,678,-1,-1,-1,-1,-1,-1,-1,-1,-1,-1,-1,-1,-1,-1,-1,-1,-1,-1,-1,-1,-1,-1,-1,-1,-1,-1,-1
678,678,-1,-1,-1,-1,-1,-1,-1,-1,-1,-1,-1,-1,-1,-1,-1,-1,-1,-1,-1,-1,-1,-1,-1,-1,-1,-1,-1,-1,-1,-1,-1,-1,-1,-1,-1,-1,-1,-1,-1,-1,-1,-1,-1,-1,-1,-1,-1,-1,-1,-1,-1,-1,-1,-1,-1,-1,-1,-1,-1,-1,-1,-1,678,678,-1,-1,-1,-1,-1,-1,-1,-1,-1,-1,-1,-1,-1,-1,-1,-1,-1,-1,-1,-1,-1,-1,-1,-1,-1,-1,-1
678,678,-1,-1,-1,-1,-1,-1,-1,-1,-1,-1,-1,-1,-1,-1,-1,-1,-1,-1,-1,-1,-1,-1,-1,-1,-1,-1,-1,-1,-1,-1,-1,-1,-1,-1,-1,-1,-1,-1,-1,-1,-1,-1,-1,-1,-1,-1,-1,-1,-1,-1,-1,-1,-1,-1,-1,-1,-1,-1,-1,-1,-1,-1,678,678,-1,-1,-1,-1,-1,-1,-1,-1,-1,-1,-1,-1,-1,-1,-1,-1,-1,-1,-1,-1,-1,-1,-1,-1,-1,-1,-1
678,678,-1,-1,-1,-1,-1,-1,-1,-1,-1,-1,-1,-1,-1,-1,-1,-1,-1,-1,-1,-1,-1,-1,-1,-1,-1,-1,-1,-1,-1,-1,-1,-1,-1,-1,-1,-1,-1,-1,-1,-1,-1,-1,-1,-1,-1,-1,-1,-1,-1,-1,-1,-1,-1,-1,-1,-1,-1,-1,-1,-1,-1,-1,678,678,678,678,678,678,678,678,678,678,678,678,678,678,678,678,678,678,678,678,678,678,678,678,678,678,678,678,678
678,678,-1,-1,-1,-1,-1,-1,-1,-1,-1,-1,-1,-1,-1,-1,-1,-1,-1,-1,-1,-1,-1,-1,-1,-1,-1,-1,-1,-1,-1,-1,-1,-1,-1,-1,-1,-1,-1,-1,-1,-1,-1,-1,-1,-1,-1,-1,-1,-1,-1,-1,-1,-1,-1,-1,-1,-1,-1,-1,-1,-1,-1,-1,678,678,678,678,678,678,678,678,678,678,678,678,678,678,678,678,678,678,678,678,678,678,678,678,678,678,678,678,678
678,678,-1,-1,-1,-1,-1,-1,-1,-1,-1,-1,-1,-1,-1,-1,-1,-1,-1,-1,-1,-1,-1,-1,-1,-1,-1,-1,-1,-1,-1,-1,-1,-1,-1,-1,-1,-1,-1,-1,-1,-1,-1,-1,-1,-1,-1,-1,-1,-1,-1,-1,-1,-1,-1,-1,-1,-1,-1,-1,-1,-1,-1,-1,678,678,678,678,678,678,678,678,678,678,678,678,678,678,678,678,678,678,678,678,678,678,678,678,678,678,678,678,678
678,678,-1,-1,-1,-1,-1,-1,-1,-1,-1,-1,-1,-1,-1,-1,-1,-1,-1,-1,-1,-1,-1,-1,-1,-1,-1,-1,-1,-1,-1,-1,-1,-1,-1,-1,-1,-1,-1,-1,-1,-1,-1,-1,-1,-1,-1,-1,-1,-1,-1,-1,-1,-1,-1,-1,-1,-1,-1,-1,-1,-1,-1,-1,678,678,678,678,678,678,678,678,678,678,678,678,678,678,678,678,678,678,678,678,678,678,678,678,678,678,678,678,678
678,678,-1,-1,-1,-1,-1,-1,-1,-1,-1,-1,-1,-1,-1,-1,-1,-1,-1,-1,-1,-1,-1,-1,-1,-1,-1,-1,-1,-1,-1,-1,-1,-1,-1,-1,-1,-1,-1,-1,-1,-1,-1,-1,-1,-1,-1,-1,-1,-1,-1,-1,-1,-1,-1,-1,-1,-1,-1,-1,-1,-1,-1,-1,678,678,678,-1,-1,678,-1,-1,678,-1,-1,678,-1,-1,678,-1,-1,678,-1,-1,678,-1,-1,678,-1,678,678,678,678
678,678,-1,-1,-1,-1,-1,-1,-1,-1,-1,-1,-1,-1,-1,-1,-1,-1,-1,-1,-1,-1,-1,-1,-1,-1,-1,-1,-1,-1,-1,-1,-1,-1,-1,-1,-1,-1,-1,-1,-1,-1,-1,-1,-1,-1,-1,-1,-1,-1,-1,-1,-1,-1,-1,-1,-1,-1,-1,-1,-1,-1,-1,-1,678,678,678,-1,-1,678,-1,-1,678,-1,-1,678,-1,-1,678,-1,-1,678,-1,-1,678,-1,-1,678,-1,678,678,678,678
678,678,-1,-1,-1,-1,-1,-1,-1,-1,-1,-1,-1,-1,-1,-1,-1,-1,-1,-1,-1,-1,-1,-1,-1,-1,-1,-1,-1,-1,-1,-1,-1,-1,-1,-1,-1,-1,-1,-1,-1,-1,-1,-1,-1,-1,-1,-1,-1,-1,-1,-1,-1,-1,-1,-1,-1,-1,-1,-1,-1,-1,-1,-1,678,678,452,452,452,-1,452,452,452,452,452,452,452,-1,452,452,-1,-1,452,452,452,452,452,452,452,678,678,678,678
678,678,-1,-1,-1,-1,-1,-1,-1,-1,-1,-1,-1,-1,-1,-1,-1,-1,-1,-1,-1,-1,-1,-1,-1,-1,-1,-1,-1,-1,-1,-1,-1,-1,-1,-1,-1,-1,-1,-1,-1,-1,-1,-1,-1,-1,-1,-1,-1,-1,-1,-1,-1,-1,-1,-1,-1,-1,-1,-1,-1,-1,-1,-1,678,678,452,452,452,452,452,452,452,452,452,452,452,452,452,452,452,452,452,452,-1,452,452,452,452,678,678,678,678
678,678,678,678,678,678,678,678,678,678,678,-1,-1,-1,-1,-1,-1,-1,-1,-1,678,678,678,678,678,678,678,678,678,-1,-1,-1,-1,-1,-1,-1,-1,-1,678,678,678,678,678,678,678,678,678,-1,-1,-1,-1,-1,-1,-1,-1,-1,-1,-1,-1,-1,-1,-1,-1,-1,452,452,452,452,452,678,-1,-1,678,-1,-1,678,-1,-1,678,-1,-1,678,-1,-1,678,452,452,452,452,678,678,678,678
678,678,678,-1,-1,-1,-1,-1,-1,-1,678,-1,-1,-1,-1,-1,-1,-1,-1,-1,678,-1,-1,-1,-1,-1,-1,-1,678,-1,-1,-1,-1,-1,-1,-1,-1,-1,678,-1,-1,-1,-1,-1,-1,-1,678,-1,-1,-1,-1,-1,-1,-1,-1,-1,-1,-1,-1,-1,-1,-1,-1,-1,452,452,452,452,452,678,-1,-1,678,-1,-1,678,-1,-1,678,-1,-1,678,-1,-1,678,452,452,452,452,678,678,678,678
678,678,678,-1,-1,-1,-1,-1,-1,-1,678,-1,-1,-1,-1,-1,-1,-1,-1,-1,678,-1,-1,-1,-1,-1,-1,-1,678,-1,-1,-1,-1,-1,-1,-1,-1,-1,678,-1,-1,-1,-1,-1,-1,-1,678,-1,-1,-1,-1,-1,-1,-1,-1,-1,-1,-1,-1,-1,-1,-1,-1,-1,452,452,452,452,452,452,452,452,452,452,452,452,452,452,452,452,452,452,452,452,452,452,452,452,452,678,678,678,678
678,678,678,-1,-1,-1,-1,-1,-1,-1,678,-1,-1,-1,-1,-1,-1,-1,-1,-1,678,-1,-1,-1,-1,-1,-1,-1,678,-1,-1,-1,-1,-1,-1,-1,-1,-1,678,-1,-1,-1,-1,-1,-1,-1,678,-1,-1,-1,-1,-1,-1,-1,-1,-1,-1,-1,-1,-1,-1,-1,-1,-1,678,678,452,452,452,452,452,452,452,452,452,452,452,452,452,452,452,452,452,452,452,452,452,452,452,678,678,678,678
678,678,678,-1,-1,-1,-1,-1,-1,-1,678,-1,-1,-1,-1,-1,-1,-1,-1,-1,678,-1,-1,-1,-1,-1,-1,-1,678,-1,-1,-1,-1,-1,-1,-1,-1,-1,678,-1,-1,-1,-1,-1,-1,-1,678,-1,-1,-1,-1,-1,-1,-1,-1,-1,-1,-1,-1,-1,-1,-1,-1,-1,678,678,678,-1,-1,678,-1,-1,678,-1,-1,678,-1,-1,678,-1,-1,678,-1,-1,678,-1,-1,678,-1,678,678,678,678
678,678,678,-1,-1,-1,-1,-1,-1,-1,678,-1,-1,-1,-1,-1,-1,-1,-1,-1,678,-1,-1,-1,-1,-1,-1,-1,678,-1,-1,-1,-1,-1,-1,-1,-1,-1,678,-1,-1,-1,-1,-1,-1,-1,678,-1,-1,-1,-1,-1,-1,-1,-1,-1,-1,-1,-1,-1,-1,-1,-1,-1,678,678,678,-1,-1,678,-1,-1,678,-1,-1,678,-1,-1,678,-1,-1,678,-1,-1,678,-1,-1,678,-1,678,678,678,678
678,678,678,-1,-1,-1,-1,-1,-1,-1,678,-1,-1,-1,-1,-1,-1,-1,-1,-1,678,-1,-1,-1,-1,-1,-1,-1,678,-1,-1,-1,-1,-1,-1,-1,-1,-1,678,-1,-1,-1,-1,-1,-1,-1,678,-1,-1,-1,-1,-1,-1,-1,-1,-1,-1,-1,-1,-1,-1,-1,-1,-1,678,678,-1,-1,-1,-1,-1,-1,-1,-1,-1,-1,-1,-1,-1,-1,-1,-1,-1,-1,-1,-1,-1,-1,-1,678,678,678,678
678,678,678,-1,-1,-1,-1,-1,-1,-1,678,-1,-1,-1,-1,-1,-1,-1,-1,-1,678,-1,-1,-1,-1,-1,-1,-1,678,-1,-1,-1,-1,-1,-1,-1,-1,-1,678,-1,-1,-1,-1,-1,-1,-1,678,-1,-1,-1,-1,-1,-1,-1,-1,-1,-1,-1,-1,-1,-1,-1,-1,-1,678,678,678,678,678,678,678,678,678,678,678,678,678,678,678,678,678,678,678,678,678,678,678,678,678,678,678,678,678
678,678,678,678,678,678,678,678,678,678,678,-1,-1,-1,-1,-1,-1,-1,-1,-1,678,678,678,678,678,678,678,678,678,-1,-1,-1,-1,-1,-1,-1,-1,-1,678,678,678,678,678,678,678,678,678,-1,-1,-1,-1,-1,-1,-1,-1,-1,-1,-1,-1,-1,-1,-1,-1,-1,678,678,678,678,678,678,678,678,678,678,678,678,678,678,678,678,678,678,678,678,678,678,678,678,678,678,678,678,678
678,678,678,678,678,678,678,678,678,678,678,678,678,678,678,678,678,678,678,678,678,678,678,678,678,678,678,678,678,678,678,678,678,678,678,678,678,678,678,678,678,678,678,678,678,678,678,678,678,678,678,678,678,678,678,678,678,678,678,678,678,678,678,678,678,678,678,678,678,678,678,678,678,678,678,678,678,678,678,678,678,678,678,678,678,678,678,678,678,678,678,678,678
678,678,678,-1,-1,-1,-1,-1,-1,-1,-1,-1,-1,-1,-1,-1,-1,-1,-1,-1,-1,-1,-1,-1,-1,-1,-1,-1,-1,-1,-1,-1,-1,-1,-1,-1,-1,-1,-1,-1,-1,-1,-1,-1,-1,-1,-1,-1,-1,-1,-1,-1,-1,-1,-1,-1,-1,-1,-1,-1,-1,-1,-1,678,678,678,678,678,678,678,678,678,678,678,678,678,678,678,678,678,678,678,678,678,678,678,678,678,678,678,678,678,678
678,678,678,-1,-1,-1,-1,-1,-1,-1,-1,-1,-1,-1,-1,-1,-1,-1,-1,-1,-1,-1,-1,-1,-1,-1,-1,-1,-1,-1,-1,-1,-1,-1,-1,-1,-1,-1,-1,-1,-1,-1,-1,-1,-1,-1,-1,-1,-1,-1,-1,-1,-1,-1,-1,-1,-1,-1,-1,-1,-1,-1,-1,678,678,678,-1,-1,-1,-1,-1,-1,-1,-1,-1,-1,-1,-1,-1,-1,-1,-1,-1,-1,-1,-1,-1,-1,-1,-1,-1,-1,-1
678,678,678,-1,-1,-1,-1,-1,-1,-1,-1,-1,-1,-1,-1,-1,-1,-1,-1,-1,-1,-1,-1,-1,-1,-1,-1,-1,-1,-1,-1,-1,-1,-1,-1,-1,-1,-1,-1,-1,-1,-1,-1,-1,-1,-1,-1,-1,-1,-1,-1,-1,-1,-1,-1,-1,-1,-1,-1,-1,-1,-1,-1,678,678,678,-1,-1,-1,-1,-1,-1,-1,-1,-1,-1,-1,-1,-1,-1,-1,-1,-1,-1,-1,-1,-1,-1,-1,-1,-1,-1,-1
678,678,678,-1,-1,-1,-1,-1,-1,-1,-1,-1,-1,-1,-1,-1,-1,-1,-1,-1,-1,-1,-1,-1,-1,-1,-1,-1,-1,-1,-1,-1,-1,-1,-1,-1,-1,-1,-1,-1,-1,-1,-1,-1,-1,-1,-1,-1,-1,-1,-1,-1,-1,-1,-1,-1,-1,-1,-1,-1,-1,-1,-1,678,678,678,-1,-1,-1,-1,-1,-1,-1,-1,-1,-1,-1,-1,-1,-1,-1,-1,-1,-1,-1,-1,-1,-1,-1,-1,-1,-1,-1
678,678,678,-1,-1,-1,-1,-1,-1,-1,-1,-1,-1,-1,-1,-1,-1,-1,-1,-1,-1,-1,-1,-1,-1,-1,-1,-1,-1,-1,-1,-1,-1,-1,-1,-1,-1,-1,-1,-1,-1,-1,-1,-1,-1,-1,-1,-1,-1,-1,-1,-1,-1,-1,-1,-1,-1,-1,-1,-1,-1,-1,-1,678,678,678,-1,-1,-1,-1,-1,-1,-1,-1,-1,-1,-1,-1,-1,-1,-1,-1,-1,-1,-1,-1,-1,-1,-1,-1,-1,-1,-1
678,678,678,-1,-1,-1,-1,-1,-1,-1,-1,-1,-1,-1,-1,-1,-1,-1,-1,-1,-1,-1,-1,-1,-1,-1,-1,-1,-1,-1,-1,-1,-1,-1,-1,-1,-1,-1,-1,-1,-1,-1,-1,-1,-1,-1,-1,-1,-1,-1,-1,-1,-1,-1,-1,-1,-1,-1,-1,-1,-1,-1,-1,678,678,678,-1,-1,-1,-1,-1,-1,-1,-1,-1,-1,-1,-1,-1,-1,-1,-1,-1,-1,-1,-1,-1,-1,-1,-1,-1,-1,-1
678,678,678,-1,-1,-1,-1,-1,-1,-1,-1,-1,-1,-1,-1,-1,-1,-1,-1,-1,-1,-1,-1,-1,-1,-1,-1,-1,-1,-1,-1,-1,-1,-1,-1,-1,-1,-1,-1,-1,-1,-1,-1,-1,-1,-1,-1,-1,-1,-1,-1,-1,-1,-1,-1,-1,-1,-1,-1,-1,-1,-1,-1,678,678,678,-1,-1,-1,-1,-1,-1,-1,-1,-1,-1,-1,-1,-1,-1,-1,-1,-1,-1,-1,-1,-1,-1,-1,-1,-1,-1,-1
678,678,678,-1,-1,-1,-1,-1,-1,-1,-1,-1,-1,-1,-1,-1,-1,-1,-1,-1,-1,-1,-1,-1,-1,-1,-1,-1,-1,-1,-1,-1,-1,-1,-1,-1,-1,-1,-1,-1,-1,-1,-1,-1,-1,-1,-1,-1,-1,-1,-1,-1,-1,-1,-1,-1,-1,-1,-1,-1,-1,-1,-1,678,678,678,-1,-1,-1,-1,-1,-1,-1,-1,-1,-1,-1,-1,-1,-1,-1,-1,-1,-1,-1,-1,-1,-1,-1,-1,-1,-1,-1
678,678,678,678,678,678,678,678,678,678,678,678,678,678,678,678,678,678,678,678,678,678,678,678,678,678,678,678,678,678,678,678,678,678,678,678,678,678,678,678,678,678,678,678,678,678,678,678,678,678,678,678,678,678,678,678,678,678,678,678,678,678,678,678,678,678,-1,-1,-1,-1,-1,-1,-1,-1,-1,-1,-1,-1,-1,-1,-1,-1,-1,-1,-1,-1,-1,-1,-1,-1,-1,-1,-1
678,678,678,678,678,678,678,678,678,678,678,678,678,678,678,678,678,678,678,678,678,678,678,678,678,678,678,678,678,678,678,678,678,678,678,678,678,678,678,678,678,678,678,678,678,678,678,678,678,678,678,678,678,678,678,678,678,678,678,678,678,678,678,678,678,678,-1,-1,-1,-1,-1,-1,-1,-1,-1,-1,-1,-1,-1,-1,-1,-1,-1,-1,-1,-1,-1,-1,-1,-1,-1,-1,-1
678,678,678,678,678,678,678,678,678,678,678,678,678,678,678,678,678,678,678,678,678,678,678,678,678,678,678,678,678,678,678,678,678,678,678,678,678,678,678,678,678,678,678,678,678,678,678,678,678,678,678,678,678,678,678,678,678,678,678,678,678,678,678,678,678,678,-1,-1,-1,-1,-1,-1,-1,-1,-1,-1,-1,-1,-1,-1,-1,-1,-1,-1,-1,-1,-1,-1,-1,-1,-1,-1,-1
